﻿<?xml version="1.0" encoding="utf-8"?>
<Defs>
  <PawnKindDef Abstract="True" Name="PJ_SVBase">
    <race>Human</race>
    <defaultFactionType>PJ_Bounty</defaultFactionType>
    <baseRecruitDifficulty>0.5</baseRecruitDifficulty>
    <invNutrition>2.55</invNutrition>
    <backstoryCryptosleepCommonality>0.2</backstoryCryptosleepCommonality>
    <maxGenerationAge>45</maxGenerationAge>
    <gearHealthRange>
      <min>0.5</min>
      <max>1</max>
    </gearHealthRange>
    <apparelTags>
      <li>Soldier</li>
      <li>IndustrialBasic</li>
      <li>IndustrialAdvanced</li>
      <li>Spacer</li>
      <li>PJ_Scum</li>
    </apparelTags>
    <apparelMoney>
      <min>1000</min>
      <max>1500</max>
    </apparelMoney>
    <apparelAllowHeadgearChance>0.51</apparelAllowHeadgearChance>
    <weaponMoney>
      <min>2040</min>
      <max>3000</max>
    </weaponMoney>
    <techHediffsMoney>
      <min>1000</min>
      <max>1800</max>
    </techHediffsMoney>
    <techHediffsTags>
      <li>Advanced</li>
    </techHediffsTags>
    <techHediffsChance>0.1</techHediffsChance>
    <inventoryOptions>
      <skipChance>0.01</skipChance>
      <subOptionsChooseOne>
        <li>
          <thingDef>Silver</thingDef>
          <countRange>
            <min>20</min>
            <max>50</max>
          </countRange>
        </li>
        <li>
          <thingDef>MedicineUltratech</thingDef>
          <countRange>
            <min>1</min>
            <max>1</max>
          </countRange>
        </li>
      </subOptionsChooseOne>
    </inventoryOptions>
  </PawnKindDef>
  <PawnKindDef ParentName="PJ_SVBase">
    <defName>PJ_ScumSoldier</defName>
    <label>Soldier</label>
    <weaponMoney>
      <min>2040</min>
      <max>3000</max>
    </weaponMoney>
    <weaponTags>
      <li>ImpBlaster</li>
      <li>Blaster</li>
      <li>IonBlaster</li>
    </weaponTags>
    <combatPower>75</combatPower>
  </PawnKindDef>
  <PawnKindDef ParentName="PJ_SVBase">
    <defName>PJ_Ruffian</defName>
    <label>ruffian</label>
    <weaponTags>
      <li>ImpBlaster</li>
      <li>Blaster</li>
    </weaponTags>
    <apparelMoney>
      <min>6070</min>
      <max>6070</max>
    </apparelMoney>
    <combatPower>85</combatPower>
  </PawnKindDef>
  <PawnKindDef>
    <defName>PJ_ScumBoss</defName>
    <label>boss</label>
    <race>Human</race>
    <factionLeader>true</factionLeader>
    <combatPower>250</combatPower>
    <defaultFactionType>PJ_Bounty</defaultFactionType>
    <baseRecruitDifficulty>0.7</baseRecruitDifficulty>
    <invNutrition>2.55</invNutrition>
    <backstoryCryptosleepCommonality>0.2</backstoryCryptosleepCommonality>
    <maxGenerationAge>85</maxGenerationAge>
    <gearHealthRange>
      <min>1</min>
      <max>1</max>
    </gearHealthRange>
    <apparelTags>
      <li>Soldier</li>
      <li>IndustrialBasic</li>
      <li>IndustrialAdvanced</li>
      <li>Spacer</li>
      <li>PJ_Mando</li>
    </apparelTags>
    <apparelMoney>
      <min>7570</min>
      <max>8170</max>
    </apparelMoney>
    <apparelAllowHeadgearChance>1</apparelAllowHeadgearChance>
    <weaponMoney>
      <min>2040</min>
      <max>3000</max>
    </weaponMoney>
    <weaponTags>
      <li>ImpBlaster</li>
      <li>BlasterRifle</li>
      <li>Blaster</li>
    </weaponTags>
    <techHediffsMoney>
      <min>1000</min>
      <max>5000</max>
    </techHediffsMoney>
    <techHediffsTags>
      <li>Advanced</li>
    </techHediffsTags>
    <techHediffsChance>1</techHediffsChance>
    <inventoryOptions>
      <skipChance>0.55</skipChance>
      <subOptionsChooseOne>
        <li>
          <thingDef>Silver</thingDef>
          <countRange>
            <min>200</min>
            <max>5000</max>
          </countRange>
        </li>
        <li>
          <thingDef>MedicineUltratech</thingDef>
          <countRange>
            <min>1</min>
            <max>5</max>
          </countRange>
        </li>
      </subOptionsChooseOne>
    </inventoryOptions>
  </PawnKindDef>
  <PawnKindDef>
    <defName>PJ_BountyHunter</defName>
    <label>Bounty hunter</label>
    <race>Human</race>
    <factionLeader>false</factionLeader>
    <combatPower>150</combatPower>
    <defaultFactionType>PJ_Bounty</defaultFactionType>
    <baseRecruitDifficulty>0.7</baseRecruitDifficulty>
    <invNutrition>2.55</invNutrition>
    <backstoryCryptosleepCommonality>0.2</backstoryCryptosleepCommonality>
    <maxGenerationAge>45</maxGenerationAge>
    <gearHealthRange>
      <min>1</min>
      <max>1</max>
    </gearHealthRange>
    <apparelMoney>
      <min>2570</min>
      <max>3000</max>
    </apparelMoney>
    <apparelTags>
      <li>Soldier</li>
      <li>IndustrialBasic</li>
      <li>IndustrialAdvanced</li>
      <li>Spacer</li>
      <li>PJ_Comp</li>
    </apparelTags>
    <apparelAllowHeadgearChance>0.2</apparelAllowHeadgearChance>
    <weaponMoney>
      <min>1480</min>
      <max>2300</max>
    </weaponMoney>
    <weaponTags>
      <li>ImpSCBlaster</li>
      <li>BlasterRifle</li>
      <li>Blaster</li>
    </weaponTags>
    <techHediffsMoney>
      <min>1000</min>
      <max>5000</max>
    </techHediffsMoney>
    <techHediffsTags>
      <li>Advanced</li>
    </techHediffsTags>
    <techHediffsChance>1</techHediffsChance>
    <inventoryOptions>
      <skipChance>0.01</skipChance>
      <subOptionsChooseOne>
        <li>
          <thingDef>Silver</thingDef>
          <countRange>
            <min>200</min>
            <max>500</max>
          </countRange>
        </li>
        <li>
          <thingDef>MedicineUltratech</thingDef>
          <countRange>
            <min>1</min>
            <max>1</max>
          </countRange>
        </li>
      </subOptionsChooseOne>
    </inventoryOptions>
  </PawnKindDef>
</Defs>