﻿<?xml version="1.0" encoding="utf-8"?>
<Defs>
  <ThingDef Abstract="True" Name="BaseSWWeapon">
    <thingClass>ThingWithComps</thingClass>
    <category>Item</category>
    <drawGUIOverlay>true</drawGUIOverlay>
    <altitudeLayer>Item</altitudeLayer>
    <alwaysHaulable>true</alwaysHaulable>
    <tickerType>Never</tickerType>
    <equipmentType>Primary</equipmentType>
    <useHitPoints>true</useHitPoints>
    <pathCost>10</pathCost>
    <selectable>true</selectable>
    <statBases>
      <MaxHitPoints>100</MaxHitPoints>
      <Mass>0.4</Mass>
      <Flammability>1.0</Flammability>
      <DeteriorationRate>2</DeteriorationRate>
      <Beauty>-6</Beauty>
      <SellPriceFactor>0.20</SellPriceFactor>
    </statBases>
    <comps>
      <li Class="CompProperties_Forbiddable" />
      <li>
        <compClass>CompEquippable</compClass>
      </li>
    </comps>
    <graphicData>
      <onGroundRandomRotateAngle>35</onGroundRandomRotateAngle>
    </graphicData>
  </ThingDef>
  <ThingDef Name="BaseImpGun" Abstract="True" ParentName="BaseSWWeapon">
    <techLevel>Spacer</techLevel>
    <smeltable>true</smeltable>
    <thingCategories>
      <li>WeaponsRanged</li>
    </thingCategories>
    <inspectorTabs>
      <li>ITab_Art</li>
    </inspectorTabs>
    <comps>
      <li>
        <compClass>CompQuality</compClass>
      </li>
      <li Class="CompProperties_Art">
        <nameMaker>NamerArtWeaponGun</nameMaker>
        <descriptionMaker>ArtDescription_WeaponGun</descriptionMaker>
        <minQualityForArtistic>Excellent</minQualityForArtistic>
      </li>
    </comps>
  </ThingDef>
  <ThingDef Name="BaseImpMakeableGun" ParentName="BaseImpGun" Abstract="True">
    <recipeMaker>
      <workSpeedStat>GeneralLaborSpeed</workSpeedStat>
      <workSkill>Crafting</workSkill>
      <effectWorking>Smith</effectWorking>
      <soundWorking>Recipe_Smith</soundWorking>
      <recipeUsers>
        <li>Table_PJ_Bench</li>
      </recipeUsers>
      <unfinishedThingDef>UnfinishedGun</unfinishedThingDef>
    </recipeMaker>
  </ThingDef>
  <!-- ====Walker Guns==== -->
  <!-- ====== Regular Blasters ====== -->
  <ThingDef ParentName="BaseBullet">
    <defName>PJ_BlasterBolt_E11_X</defName>
    <label>E-11 Blaster bolt</label>
    <graphicData>
      <texPath>Projectile/Blasterbolt</texPath>
      <graphicClass>Graphic_Single</graphicClass>
      <shaderType>TransparentPostLight</shaderType>
    </graphicData>
    <projectile>
      <flyOverhead>False</flyOverhead>
      <damageDef>PJ_BlasterDam</damageDef>
      <damageAmountBase>6</damageAmountBase>
      <speed>105</speed>
    </projectile>
  </ThingDef>
  <ThingDef ParentName="BaseImpMakeableGun">
    <defName>PJ_E11Blaster</defName>
    <label>E-11 Blaster Rifle</label>
    <description>Manufactured by BlasTech Industries during the Galactic Civil War, the E-11 Blaster Rifle is the standard blaster rifle of the Imperial stormtroopers. A powerful, light and compact weapon, the E-11 was used widely through the galaxy.</description>
    <graphicData>
      <texPath>Weapons/Blaster2</texPath>
      <graphicClass>Graphic_Single</graphicClass>
    </graphicData>
    <soundInteract>Interact_Autopistol</soundInteract>
    <recipeMaker>
      <researchPrerequisite>ChargedShot</researchPrerequisite>
    </recipeMaker>
    <statBases>
      <MarketValue>2200</MarketValue>
      <Mass>2.6</Mass>
      <WorkToMake>65800</WorkToMake>
      <AccuracyTouch>0.95</AccuracyTouch>
      <AccuracyShort>0.95</AccuracyShort>
      <AccuracyMedium>0.89</AccuracyMedium>
      <AccuracyLong>0.80</AccuracyLong>
      <RangedWeapon_Cooldown>0.92</RangedWeapon_Cooldown>
    </statBases>
    <costList>
      <Steel>125</Steel>
      <Plasteel>55</Plasteel>
      <ComponentIndustrial>2</ComponentIndustrial>
    </costList>
    <verbs>
      <li>
        <verbClass>Verb_Shoot</verbClass>
        <hasStandardCommand>true</hasStandardCommand>
        <defaultProjectile>PJ_BlasterBolt_E11_X</defaultProjectile>
        <warmupTime>1.53</warmupTime>
        <range>40</range>
        <soundCast>PJ_E11B</soundCast>
        <burstShotCount>3</burstShotCount>
        <ticksBetweenBurstShots>8</ticksBetweenBurstShots>
        <soundCastTail>PJ_Blas_Far</soundCastTail>
        <muzzleFlashScale>12</muzzleFlashScale>
      </li>
    </verbs>
    <tools>
      <li>
        <label>stock</label>
        <capacities>
          <li>Blunt</li>
        </capacities>
        <power>9</power>
        <cooldownTime>1.8</cooldownTime>
      </li>
      <li>
        <label>barrel</label>
        <capacities>
          <li>Blunt</li>
          <li>Poke</li>
        </capacities>
        <power>10</power>
        <cooldownTime>1.9</cooldownTime>
      </li>
    </tools>
    <weaponTags>
      <li>ImpBlaster</li>
    </weaponTags>
  </ThingDef>
  <ThingDef ParentName="BaseImpMakeableGun">
    <defName>PJ_DH17Blaster</defName>
    <label>DH-17 Blaster Pistol</label>
    <description>Manufactured by BlasTech Industries, the DH-17 blaster pistol was commonly used by soldiers of the Rebel Alliance for conflicts aboard starships, and sometimes the officers of the Galactic Empire carried it instead of the standard E-11 blaster rifles.</description>
    <graphicData>
      <texPath>Weapons/DH17</texPath>
      <graphicClass>Graphic_Single</graphicClass>
    </graphicData>
    <soundInteract>Interact_Autopistol</soundInteract>
    <recipeMaker>
      <researchPrerequisite>ChargedShot</researchPrerequisite>
    </recipeMaker>
    <statBases>
      <MarketValue>2200</MarketValue>
      <Mass>1</Mass>
      <WorkToMake>65800</WorkToMake>
      <AccuracyTouch>0.95</AccuracyTouch>
      <AccuracyShort>0.95</AccuracyShort>
      <AccuracyMedium>0.89</AccuracyMedium>
      <AccuracyLong>0.80</AccuracyLong>
      <RangedWeapon_Cooldown>0.92</RangedWeapon_Cooldown>
    </statBases>
    <costList>
      <Steel>125</Steel>
      <Plasteel>55</Plasteel>
      <ComponentIndustrial>2</ComponentIndustrial>
    </costList>
    <verbs>
      <li>
        <verbClass>Verb_Shoot</verbClass>
        <hasStandardCommand>true</hasStandardCommand>
        <defaultProjectile>PJ_BlasterBolt_E11_X</defaultProjectile>
        <warmupTime>1.53</warmupTime>
        <range>40</range>
        <soundCast>PJ_E11B</soundCast>
        <burstShotCount>3</burstShotCount>
        <ticksBetweenBurstShots>8</ticksBetweenBurstShots>
        <soundCastTail>PJ_Blas_Far</soundCastTail>
        <muzzleFlashScale>12</muzzleFlashScale>
      </li>
    </verbs>
    <weaponTags>
      <li>Blaster</li>
    </weaponTags>
  </ThingDef>
  <ThingDef ParentName="BaseBullet">
    <defName>PJ_Pistol_Bolt</defName>
    <label>Blaster Bolt</label>
    <graphicData>
      <texPath>Projectile/Blasterbolt</texPath>
      <graphicClass>Graphic_Single</graphicClass>
      <shaderType>TransparentPostLight</shaderType>
    </graphicData>
    <projectile>
      <flyOverhead>False</flyOverhead>
      <damageDef>PJ_BlasterDam</damageDef>
      <damageAmountBase>8</damageAmountBase>
      <speed>135</speed>
    </projectile>
  </ThingDef>
  <ThingDef ParentName="BaseImpMakeableGun">
    <defName>PJ_Scoutblaster</defName>
    <label>Scout Blaster</label>
    <description>This hold-out blaster pistol, sometimes known as a scout blaster but commonly referred to as a scout trooper blaster pistol, was a standard-issue weapon used by the scout troopers of the Galactic Empire. Clone scout troopers of the 41st Elite Corps and Clone shadow troopers were also known to carry these weapons during the latter stages of the Clone Wars.</description>
    <graphicData>
      <texPath>Weapons/Scoutblaster</texPath>
      <graphicClass>Graphic_Single</graphicClass>
    </graphicData>
    <soundInteract>Interact_Autopistol</soundInteract>
    <recipeMaker>
      <researchPrerequisite>ChargedShot</researchPrerequisite>
    </recipeMaker>
    <statBases>
      <Mass>1</Mass>
      <WorkToMake>65800</WorkToMake>
      <AccuracyTouch>0.95</AccuracyTouch>
      <AccuracyShort>0.85</AccuracyShort>
      <AccuracyMedium>0.79</AccuracyMedium>
      <AccuracyLong>0.69</AccuracyLong>
      <RangedWeapon_Cooldown>0.92</RangedWeapon_Cooldown>
    </statBases>
    <costList>
      <Steel>125</Steel>
      <Plasteel>55</Plasteel>
      <ComponentIndustrial>2</ComponentIndustrial>
    </costList>
    <verbs>
      <li>
        <verbClass>Verb_Shoot</verbClass>
        <hasStandardCommand>true</hasStandardCommand>
        <defaultProjectile>PJ_Pistol_Bolt</defaultProjectile>
        <warmupTime>0.63</warmupTime>
        <range>30</range>
        <soundCast>PJ_BPistol</soundCast>
        <burstShotCount>4</burstShotCount>
        <ticksBetweenBurstShots>8</ticksBetweenBurstShots>
        <soundCastTail>PJ_Blas_Far</soundCastTail>
        <muzzleFlashScale>12</muzzleFlashScale>
      </li>
    </verbs>
    <tools>
      <li>
        <label>grip</label>
        <capacities>
          <li>Blunt</li>
        </capacities>
        <power>8</power>
        <cooldownTime>1.6</cooldownTime>
      </li>
      <li>
        <label>barrel</label>
        <capacities>
          <li>Blunt</li>
          <li>Poke</li>
        </capacities>
        <power>8</power>
        <cooldownTime>1.6</cooldownTime>
      </li>
    </tools>
    <weaponTags>
      <li>MedievalShields_ValidSidearm</li>
      <li>ImpBlaster</li>
      <li>ImpSCBlaster</li>
    </weaponTags>
  </ThingDef>
  <ThingDef ParentName="BaseImpMakeableGun">
    <defName>PJ_SE14blaster</defName>
    <label>SE14 Blaster</label>
    <description>The SE-14, sometimes known as the SR combat pistol, or the Separatist blaster pistol during the Clone Wars, was a basic blaster pistol produced by BlasTech Industries.</description>
    <graphicData>
      <texPath>Weapons/SE14</texPath>
      <graphicClass>Graphic_Single</graphicClass>
    </graphicData>
    <soundInteract>Interact_Autopistol</soundInteract>
    <recipeMaker>
      <researchPrerequisite>ChargedShot</researchPrerequisite>
    </recipeMaker>
    <statBases>
      <Mass>1.1</Mass>
      <WorkToMake>65800</WorkToMake>
      <AccuracyTouch>0.95</AccuracyTouch>
      <AccuracyShort>0.85</AccuracyShort>
      <AccuracyMedium>0.79</AccuracyMedium>
      <AccuracyLong>0.79</AccuracyLong>
      <RangedWeapon_Cooldown>0.92</RangedWeapon_Cooldown>
    </statBases>
    <costList>
      <Steel>125</Steel>
      <Plasteel>55</Plasteel>
      <ComponentIndustrial>2</ComponentIndustrial>
    </costList>
    <verbs>
      <li>
        <verbClass>Verb_Shoot</verbClass>
        <hasStandardCommand>true</hasStandardCommand>
        <defaultProjectile>PJ_Pistol_Bolt</defaultProjectile>
        <warmupTime>0.63</warmupTime>
        <range>25</range>
        <soundCast>PJ_BPistol</soundCast>
        <burstShotCount>4</burstShotCount>
        <ticksBetweenBurstShots>8</ticksBetweenBurstShots>
        <soundCastTail>PJ_Blas_Far</soundCastTail>
        <muzzleFlashScale>12</muzzleFlashScale>
      </li>
    </verbs>
    <tools>
      <li>
        <label>grip</label>
        <capacities>
          <li>Blunt</li>
        </capacities>
        <power>8</power>
        <cooldownTime>1.6</cooldownTime>
      </li>
      <li>
        <label>barrel</label>
        <capacities>
          <li>Blunt</li>
          <li>Poke</li>
        </capacities>
        <power>8</power>
        <cooldownTime>1.6</cooldownTime>
      </li>
    </tools>
    <weaponTags>
      <li>MedievalShields_ValidSidearm</li>
      <li>ImpBlaster</li>
      <li>Blaster</li>
    </weaponTags>
  </ThingDef>
  <ThingDef ParentName="BaseBullet">
    <defName>PJ_HPistol_Bolt</defName>
    <label>Blaster Bolt</label>
    <graphicData>
      <texPath>Projectile/Blasterbolt</texPath>
      <graphicClass>Graphic_Single</graphicClass>
      <shaderType>TransparentPostLight</shaderType>
    </graphicData>
    <projectile>
      <flyOverhead>False</flyOverhead>
      <damageDef>PJ_BlasterDam</damageDef>
      <damageAmountBase>12</damageAmountBase>
      <speed>135</speed>
    </projectile>
  </ThingDef>
  <ThingDef ParentName="BaseImpMakeableGun">
    <defName>PJ_DL44blaster</defName>
    <label>DL-44 Blaster</label>
    <description>The DL-44 heavy blaster pistol was a type of heavy blaster pistol produced by BlasTech Industries that was used during the years of the Galactic Republic and the Age of the Empire. It was considered one of the most powerful blaster pistols in the galaxy, delivering massive damage at close range; however, it overheated quickly.</description>
    <graphicData>
      <texPath>Weapons/DL44</texPath>
      <graphicClass>Graphic_Single</graphicClass>
    </graphicData>
    <soundInteract>Interact_Autopistol</soundInteract>
    <recipeMaker>
      <researchPrerequisite>ChargedShot</researchPrerequisite>
    </recipeMaker>
    <statBases>
      <Mass>1.1</Mass>
      <WorkToMake>65800</WorkToMake>
      <AccuracyTouch>0.95</AccuracyTouch>
      <AccuracyShort>0.85</AccuracyShort>
      <AccuracyMedium>0.79</AccuracyMedium>
      <AccuracyLong>0.79</AccuracyLong>
      <RangedWeapon_Cooldown>0.92</RangedWeapon_Cooldown>
    </statBases>
    <costList>
      <Steel>125</Steel>
      <Plasteel>55</Plasteel>
      <ComponentIndustrial>2</ComponentIndustrial>
    </costList>
    <verbs>
      <li>
        <verbClass>Verb_Shoot</verbClass>
        <hasStandardCommand>true</hasStandardCommand>
        <defaultProjectile>PJ_HPistol_Bolt</defaultProjectile>
        <warmupTime>0.83</warmupTime>
        <range>25</range>
        <soundCast>PJ_BPistolC</soundCast>
        <burstShotCount>2</burstShotCount>
        <ticksBetweenBurstShots>8</ticksBetweenBurstShots>
        <soundCastTail>PJ_Blas_Far</soundCastTail>
        <muzzleFlashScale>12</muzzleFlashScale>
      </li>
    </verbs>
    <tools>
      <li>
        <label>grip</label>
        <capacities>
          <li>Blunt</li>
        </capacities>
        <power>8</power>
        <cooldownTime>1.6</cooldownTime>
      </li>
      <li>
        <label>barrel</label>
        <capacities>
          <li>Blunt</li>
          <li>Poke</li>
        </capacities>
        <power>8</power>
        <cooldownTime>1.6</cooldownTime>
      </li>
    </tools>
    <weaponTags>
      <li>MedievalShields_ValidSidearm</li>
      <li>ImpBlaster</li>
      <li>Blaster</li>
    </weaponTags>
  </ThingDef>
  <ThingDef ParentName="BaseBullet">
    <defName>PJ_DXR_Bolt</defName>
    <label>Acid Bolt</label>
    <graphicData>
      <texPath>Projectile/BlasterboltG</texPath>
      <graphicClass>Graphic_Single</graphicClass>
      <shaderType>TransparentPostLight</shaderType>
    </graphicData>
    <projectile>
      <flyOverhead>False</flyOverhead>
      <damageDef>PJ_DXRDam</damageDef>
      <damageAmountBase>12</damageAmountBase>
      <speed>135</speed>
    </projectile>
  </ThingDef>
  <ThingDef ParentName="BaseImpMakeableGun">
    <defName>PJ_DXR6Carb</defName>
    <label>DXR-6 Blaster Carbine</label>
    <description>The DXR-6 Heavy Carbine is used heavily throughout the galaxy for it's versatility, reliability, and devastating damage potential.</description>
    <graphicData>
      <texPath>Weapons/DXR6</texPath>
      <graphicClass>Graphic_Single</graphicClass>
    </graphicData>
    <soundInteract>Interact_Autopistol</soundInteract>
    <recipeMaker>
      <researchPrerequisite>ChargedShot</researchPrerequisite>
    </recipeMaker>
    <statBases>
      <Mass>2.6</Mass>
      <WorkToMake>65800</WorkToMake>
      <AccuracyTouch>0.95</AccuracyTouch>
      <AccuracyShort>0.85</AccuracyShort>
      <AccuracyMedium>0.79</AccuracyMedium>
      <AccuracyLong>0.79</AccuracyLong>
      <RangedWeapon_Cooldown>0.92</RangedWeapon_Cooldown>
    </statBases>
    <costList>
      <Steel>125</Steel>
      <Plasteel>55</Plasteel>
      <ComponentIndustrial>2</ComponentIndustrial>
    </costList>
    <verbs>
      <li>
        <verbClass>Verb_Shoot</verbClass>
        <hasStandardCommand>true</hasStandardCommand>
        <defaultProjectile>PJ_DXR_Bolt</defaultProjectile>
        <warmupTime>0.83</warmupTime>
        <range>26</range>
        <soundCast>PJ_DXRS</soundCast>
        <burstShotCount>2</burstShotCount>
        <ticksBetweenBurstShots>8</ticksBetweenBurstShots>
        <soundCastTail>PJ_Blas_Far</soundCastTail>
        <muzzleFlashScale>12</muzzleFlashScale>
      </li>
    </verbs>
    <tools>
      <li>
        <label>stock</label>
        <capacities>
          <li>Blunt</li>
        </capacities>
        <power>9</power>
        <cooldownTime>1.7</cooldownTime>
      </li>
      <li>
        <label>barrel</label>
        <capacities>
          <li>Blunt</li>
          <li>Poke</li>
        </capacities>
        <power>10</power>
        <cooldownTime>1.7</cooldownTime>
      </li>
    </tools>
    <weaponTags>
      <li>MedievalShields_ValidSidearm</li>
      <li>Blaster</li>
    </weaponTags>
  </ThingDef>
  <ThingDef ParentName="BaseBullet">
    <defName>PJ_Jawa_Bolt</defName>
    <label>Ionized Energy Bolt</label>
    <graphicData>
      <texPath>Projectile/IonP</texPath>
      <graphicClass>Graphic_Single</graphicClass>
      <shaderType>TransparentPostLight</shaderType>
    </graphicData>
    <projectile>
      <flyOverhead>False</flyOverhead>
      <damageDef>EMP</damageDef>
      <damageAmountBase>100</damageAmountBase>
      <speed>100</speed>
    </projectile>
  </ThingDef>
  <ThingDef ParentName="BaseImpMakeableGun">
    <defName>PJ_JawaIon</defName>
    <label>Jawa Ion Rifle</label>
    <description>The prevalence of assassin droids and war droids during and after the Great Sith War resulted in the creation of advanced ion weapons to combat them. This one was hobbled together by scavengers.</description>
    <graphicData>
      <texPath>Weapons/JawaIon</texPath>
      <graphicClass>Graphic_Single</graphicClass>
    </graphicData>
    <soundInteract>Interact_Autopistol</soundInteract>
    <recipeMaker>
      <researchPrerequisite>ChargedShot</researchPrerequisite>
    </recipeMaker>
    <statBases>
      <Mass>2.4</Mass>
      <WorkToMake>65800</WorkToMake>
      <AccuracyTouch>0.90</AccuracyTouch>
      <AccuracyShort>0.75</AccuracyShort>
      <AccuracyMedium>0.69</AccuracyMedium>
      <AccuracyLong>0.59</AccuracyLong>
      <RangedWeapon_Cooldown>2.92</RangedWeapon_Cooldown>
    </statBases>
    <costList>
      <Steel>125</Steel>
      <Plasteel>55</Plasteel>
      <ComponentIndustrial>2</ComponentIndustrial>
    </costList>
    <verbs>
      <li>
        <verbClass>Verb_Shoot</verbClass>
        <hasStandardCommand>true</hasStandardCommand>
        <defaultProjectile>PJ_Jawa_Bolt</defaultProjectile>
        <warmupTime>3.83</warmupTime>
        <range>26</range>
        <soundCast>PJ_BPistolB</soundCast>
        <burstShotCount>1</burstShotCount>
        <ticksBetweenBurstShots>8</ticksBetweenBurstShots>
        <soundCastTail>GunTail_Heavy</soundCastTail>
        <muzzleFlashScale>12</muzzleFlashScale>
      </li>
    </verbs>
    <tools>
      <li>
        <label>stock</label>
        <capacities>
          <li>Blunt</li>
        </capacities>
        <power>7</power>
        <cooldownTime>1.8</cooldownTime>
      </li>
      <li>
        <label>barrel</label>
        <capacities>
          <li>Blunt</li>
          <li>Poke</li>
        </capacities>
        <power>9</power>
        <cooldownTime>1.8</cooldownTime>
      </li>
    </tools>
    <weaponTags>
      <li>MedievalShields_ValidSidearm</li>
      <li>IonBlaster</li>
    </weaponTags>
  </ThingDef>
  <ThingDef ParentName="BaseBullet">
    <defName>PJ_Slug_Bolt</defName>
    <label>Heavy Slug</label>
    <graphicData>
      <texPath>Projectile/SlugP</texPath>
      <graphicClass>Graphic_Single</graphicClass>
      <shaderType>TransparentPostLight</shaderType>
    </graphicData>
    <projectile>
      <flyOverhead>False</flyOverhead>
      <damageDef>Blunt</damageDef>
      <damageAmountBase>5</damageAmountBase>
      <speed>85</speed>
    </projectile>
  </ThingDef>
  <ThingDef ParentName="BaseImpMakeableGun">
    <defName>PJ_NymSlug</defName>
    <label>Nym's Slugthrower</label>
    <description>A projectile carbine favored by the notorious Gangster Nym and his gang. It fires dense slugs of material, causing blunt damage.</description>
    <graphicData>
      <texPath>Weapons/NymSlug</texPath>
      <graphicClass>Graphic_Single</graphicClass>
    </graphicData>
    <soundInteract>Interact_Autopistol</soundInteract>
    <recipeMaker>
      <researchPrerequisite>ChargedShot</researchPrerequisite>
    </recipeMaker>
    <statBases>
      <Mass>2.7</Mass>
      <WorkToMake>65800</WorkToMake>
      <AccuracyTouch>0.95</AccuracyTouch>
      <AccuracyShort>0.85</AccuracyShort>
      <AccuracyMedium>0.79</AccuracyMedium>
      <AccuracyLong>0.79</AccuracyLong>
      <RangedWeapon_Cooldown>0.92</RangedWeapon_Cooldown>
    </statBases>
    <costList>
      <Steel>125</Steel>
      <Plasteel>55</Plasteel>
      <ComponentIndustrial>2</ComponentIndustrial>
    </costList>
    <verbs>
      <li>
        <verbClass>Verb_Shoot</verbClass>
        <hasStandardCommand>true</hasStandardCommand>
        <defaultProjectile>PJ_Slug_Bolt</defaultProjectile>
        <warmupTime>0.83</warmupTime>
        <range>24</range>
        <soundCast>PJ_SlugSnd</soundCast>
        <burstShotCount>3</burstShotCount>
        <ticksBetweenBurstShots>8</ticksBetweenBurstShots>
        <soundCastTail>GunTail_Heavy</soundCastTail>
        <muzzleFlashScale>12</muzzleFlashScale>
      </li>
    </verbs>
    <tools>
      <li>
        <label>stock</label>
        <capacities>
          <li>Blunt</li>
        </capacities>
        <power>9</power>
        <cooldownTime>1.8</cooldownTime>
      </li>
      <li>
        <label>barrel</label>
        <capacities>
          <li>Blunt</li>
          <li>Poke</li>
        </capacities>
        <power>10</power>
        <cooldownTime>1.9</cooldownTime>
      </li>
    </tools>
    <weaponTags>
      <li>MedievalShields_ValidSidearm</li>
      <li>Blaster</li>
    </weaponTags>
  </ThingDef>
  <ThingDef ParentName="BaseBullet">
    <defName>Bullet_LauncherP</defName>
    <label>Launcher Projectile</label>
    <graphicData>
      <texPath>Things/Projectile/LauncherShot</texPath>
      <graphicClass>Graphic_Single</graphicClass>
      <shaderType>TransparentPostLight</shaderType>
    </graphicData>
    <thingClass>Projectile_Explosive</thingClass>
    <projectile>
      <speed>50</speed>
      <damageDef>Bomb</damageDef>
      <damageAmountBase>7</damageAmountBase>
      <explosionRadius>2.1</explosionRadius>
      <preExplosionSpawnThingDef>Filth_Fuel</preExplosionSpawnThingDef>
    </projectile>
  </ThingDef>
  <ThingDef ParentName="BaseImpMakeableGun">
    <defName>PJ_LauncherP</defName>
    <label>Launcher Pistol</label>
    <description>A dangerous projectile launcher compacted into a hand-held design. Favored by pirates and commando units.</description>
    <graphicData>
      <texPath>Weapons/LauncherP</texPath>
      <graphicClass>Graphic_Single</graphicClass>
    </graphicData>
    <soundInteract>Interact_Autopistol</soundInteract>
    <recipeMaker>
      <researchPrerequisite>ChargedShot</researchPrerequisite>
    </recipeMaker>
    <statBases>
      <Mass>1.7</Mass>
      <WorkToMake>65800</WorkToMake>
      <AccuracyTouch>0.35</AccuracyTouch>
      <AccuracyShort>0.25</AccuracyShort>
      <AccuracyMedium>0.12</AccuracyMedium>
      <AccuracyLong>0.07</AccuracyLong>
      <RangedWeapon_Cooldown>3.92</RangedWeapon_Cooldown>
    </statBases>
    <costList>
      <Steel>125</Steel>
      <Plasteel>55</Plasteel>
      <ComponentIndustrial>2</ComponentIndustrial>
    </costList>
    <verbs>
      <li>
        <verbClass>Verb_Shoot</verbClass>
        <hasStandardCommand>true</hasStandardCommand>
        <defaultProjectile>Bullet_LauncherP</defaultProjectile>
        <warmupTime>2.83</warmupTime>
        <forcedMissRadius>2.4</forcedMissRadius>
        <range>20</range>
        <soundCast>Shot_IncendiaryLauncher</soundCast>
        <burstShotCount>1</burstShotCount>
        <ticksBetweenBurstShots>8</ticksBetweenBurstShots>
        <soundCastTail>GunTail_Heavy</soundCastTail>
        <muzzleFlashScale>12</muzzleFlashScale>
      </li>
    </verbs>
    <tools>
      <li>
        <label>grip</label>
        <capacities>
          <li>Blunt</li>
        </capacities>
        <power>8</power>
        <cooldownTime>1.6</cooldownTime>
      </li>
      <li>
        <label>barrel</label>
        <capacities>
          <li>Blunt</li>
          <li>Poke</li>
        </capacities>
        <power>8</power>
        <cooldownTime>1.6</cooldownTime>
      </li>
    </tools>
    <weaponTags>
      <li>MedievalShields_ValidSidearm</li>
      <li>ImpBlaster</li>
      <li>Blaster</li>
    </weaponTags>
  </ThingDef>
  <ThingDef ParentName="BaseBullet">
    <defName>PJ_T21_Bolt</defName>
    <label>Heavy Rifle Bolt</label>
    <graphicData>
      <texPath>Projectile/Blasterbolt</texPath>
      <graphicClass>Graphic_Single</graphicClass>
      <shaderType>TransparentPostLight</shaderType>
    </graphicData>
    <projectile>
      <flyOverhead>False</flyOverhead>
      <damageDef>PJ_BlasterDam</damageDef>
      <damageAmountBase>25</damageAmountBase>
      <speed>135</speed>
    </projectile>
  </ThingDef>
  <ThingDef ParentName="BaseImpMakeableGun">
    <defName>PJ_T21Rifle</defName>
    <label>T-21 Blaster Rifle</label>
    <description>the T-21 heavy blaster, was a model of light repeating blaster used by some of the Galactic Empire's Stormtrooper Corps. It delivered massive damage at long ranges, however at a low rate of fire.</description>
    <graphicData>
      <texPath>Weapons/T21B</texPath>
      <graphicClass>Graphic_Single</graphicClass>
      <drawSize>2.2</drawSize>
    </graphicData>
    <soundInteract>Interact_Autopistol</soundInteract>
    <recipeMaker>
      <researchPrerequisite>ChargedShot</researchPrerequisite>
    </recipeMaker>
    <statBases>
      <Mass>2.8</Mass>
      <WorkToMake>65800</WorkToMake>
      <AccuracyTouch>0.95</AccuracyTouch>
      <AccuracyShort>0.85</AccuracyShort>
      <AccuracyMedium>0.79</AccuracyMedium>
      <AccuracyLong>0.79</AccuracyLong>
      <RangedWeapon_Cooldown>0.92</RangedWeapon_Cooldown>
    </statBases>
    <costList>
      <Steel>125</Steel>
      <Plasteel>55</Plasteel>
      <ComponentIndustrial>2</ComponentIndustrial>
    </costList>
    <comps>
      <li>
        <compClass>CompOversizedWeapon.CompOversizedWeapon</compClass>
      </li>
    </comps>
    <verbs>
      <li>
        <verbClass>Verb_Shoot</verbClass>
        <hasStandardCommand>true</hasStandardCommand>
        <defaultProjectile>PJ_T21_Bolt</defaultProjectile>
        <warmupTime>1.63</warmupTime>
        <range>45</range>
        <soundCast>PJ_T21R</soundCast>
        <burstShotCount>1</burstShotCount>
        <ticksBetweenBurstShots>8</ticksBetweenBurstShots>
        <soundCastTail>PJ_Blas_Far</soundCastTail>
        <muzzleFlashScale>12</muzzleFlashScale>
      </li>
    </verbs>
    <tools>
      <li>
        <label>stock</label>
        <capacities>
          <li>Blunt</li>
        </capacities>
        <power>9</power>
        <cooldownTime>1.8</cooldownTime>
      </li>
      <li>
        <label>barrel</label>
        <capacities>
          <li>Blunt</li>
          <li>Poke</li>
        </capacities>
        <power>10</power>
        <cooldownTime>1.9</cooldownTime>
      </li>
    </tools>
    <weaponTags>
      <li>MedievalShields_ValidSidearm</li>
      <li>ImpBlaster</li>
      <li>BlasterRifle</li>
    </weaponTags>
  </ThingDef>
  <ThingDef ParentName="BaseImpMakeableGun">
    <defName>PJ_DC15Rifle</defName>
    <label>DC-15 Blaster Rifle</label>
    <description>The DC-15A blaster rifle was one of the standard issue weapons for clone troopers. Predecessor to the DLT-19 Rifle favored by the Empire.</description>
    <graphicData>
      <texPath>Weapons/DC15A</texPath>
      <graphicClass>Graphic_Single</graphicClass>
      <drawSize>2.2</drawSize>
    </graphicData>
    <soundInteract>Interact_Autopistol</soundInteract>
    <recipeMaker>
      <researchPrerequisite>ChargedShot</researchPrerequisite>
    </recipeMaker>
    <statBases>
      <Mass>2.85</Mass>
      <WorkToMake>65800</WorkToMake>
      <AccuracyTouch>0.95</AccuracyTouch>
      <AccuracyShort>0.85</AccuracyShort>
      <AccuracyMedium>0.79</AccuracyMedium>
      <AccuracyLong>0.79</AccuracyLong>
      <RangedWeapon_Cooldown>0.92</RangedWeapon_Cooldown>
    </statBases>
    <costList>
      <Steel>125</Steel>
      <Plasteel>55</Plasteel>
      <ComponentIndustrial>2</ComponentIndustrial>
    </costList>
    <comps>
      <li>
        <compClass>CompOversizedWeapon.CompOversizedWeapon</compClass>
      </li>
    </comps>
    <verbs>
      <li>
        <verbClass>Verb_Shoot</verbClass>
        <hasStandardCommand>true</hasStandardCommand>
        <defaultProjectile>PJ_T21_Bolt</defaultProjectile>
        <warmupTime>1.63</warmupTime>
        <range>45</range>
        <soundCast>PJ_T21R</soundCast>
        <burstShotCount>1</burstShotCount>
        <ticksBetweenBurstShots>8</ticksBetweenBurstShots>
        <soundCastTail>PJ_Blas_Far</soundCastTail>
        <muzzleFlashScale>12</muzzleFlashScale>
      </li>
    </verbs>
    <tools>
      <li>
        <label>stock</label>
        <capacities>
          <li>Blunt</li>
        </capacities>
        <power>9</power>
        <cooldownTime>1.8</cooldownTime>
      </li>
      <li>
        <label>barrel</label>
        <capacities>
          <li>Blunt</li>
          <li>Poke</li>
        </capacities>
        <power>10</power>
        <cooldownTime>1.9</cooldownTime>
      </li>
    </tools>
    <weaponTags>
      <li>BlasterRifle</li>
    </weaponTags>
  </ThingDef>
  <ThingDef ParentName="BaseBullet">
    <defName>PJ_DLT_Bolt</defName>
    <label>Heavy Rifle Bolt</label>
    <graphicData>
      <texPath>Projectile/Blasterbolt</texPath>
      <graphicClass>Graphic_Single</graphicClass>
      <shaderType>TransparentPostLight</shaderType>
    </graphicData>
    <projectile>
      <flyOverhead>False</flyOverhead>
      <damageDef>PJ_BlasterDam</damageDef>
      <damageAmountBase>8</damageAmountBase>
      <speed>135</speed>
    </projectile>
  </ThingDef>
  <ThingDef ParentName="BaseImpMakeableGun">
    <defName>PJ_DLT19Rifle</defName>
    <label>DLT-19 Heavy BLaster Rifle</label>
    <description>The DLT-19 heavy blaster rifle was a model of blaster rifle manufactured by BlasTech Industries. They were used by stormtroopers of the Galactic Empire, as well as by some heavy troopers of the Alliance to Restore the Republic. It featured a high rate of fire and could deal heavy damage at long ranges, and was most commonly used for pinning down troops and eliminating large groups of enemies.</description>
    <graphicData>
      <texPath>Weapons/DLT19</texPath>
      <graphicClass>Graphic_Single</graphicClass>
      <drawSize>2.2</drawSize>
    </graphicData>
    <soundInteract>Interact_Autopistol</soundInteract>
    <recipeMaker>
      <researchPrerequisite>ChargedShot</researchPrerequisite>
    </recipeMaker>
    <statBases>
      <Mass>2.85</Mass>
      <WorkToMake>65800</WorkToMake>
      <AccuracyTouch>0.95</AccuracyTouch>
      <AccuracyShort>0.85</AccuracyShort>
      <AccuracyMedium>0.79</AccuracyMedium>
      <AccuracyLong>0.79</AccuracyLong>
      <RangedWeapon_Cooldown>0.92</RangedWeapon_Cooldown>
    </statBases>
    <costList>
      <Steel>125</Steel>
      <Plasteel>55</Plasteel>
      <ComponentIndustrial>2</ComponentIndustrial>
    </costList>
    <comps>
      <li>
        <compClass>CompOversizedWeapon.CompOversizedWeapon</compClass>
      </li>
    </comps>
    <verbs>
      <li>
        <verbClass>Verb_Shoot</verbClass>
        <hasStandardCommand>true</hasStandardCommand>
        <defaultProjectile>PJ_DLT_Bolt</defaultProjectile>
        <warmupTime>1.43</warmupTime>
        <range>42</range>
        <soundCast>PJ_T21R</soundCast>
        <burstShotCount>3</burstShotCount>
        <ticksBetweenBurstShots>6</ticksBetweenBurstShots>
        <soundCastTail>PJ_Blas_Far</soundCastTail>
        <muzzleFlashScale>12</muzzleFlashScale>
      </li>
    </verbs>
    <tools>
      <li>
        <label>stock</label>
        <capacities>
          <li>Blunt</li>
        </capacities>
        <power>9</power>
        <cooldownTime>1.8</cooldownTime>
      </li>
      <li>
        <label>barrel</label>
        <capacities>
          <li>Blunt</li>
          <li>Poke</li>
        </capacities>
        <power>10</power>
        <cooldownTime>1.9</cooldownTime>
      </li>
    </tools>
    <weaponTags>
      <li>ImpBlaster</li>
      <li>BlasterRifle</li>
    </weaponTags>
  </ThingDef>
  <ThingDef ParentName="BaseBullet">
    <defName>PJ_EE3_Bolt</defName>
    <label>Heavy Rifle Bolt</label>
    <graphicData>
      <texPath>Projectile/Blasterbolt</texPath>
      <graphicClass>Graphic_Single</graphicClass>
      <shaderType>TransparentPostLight</shaderType>
    </graphicData>
    <projectile>
      <flyOverhead>False</flyOverhead>
      <damageDef>PJ_BlasterDam</damageDef>
      <damageAmountBase>10</damageAmountBase>
      <speed>135</speed>
    </projectile>
  </ThingDef>
  <ThingDef ParentName="BaseImpMakeableGun">
    <defName>PJ_EE3Carbine</defName>
    <label>EE-3 Blaster Carbine</label>
    <description>the EE-3 Blaster carbine is one of the blasters developed by Blastech, and seems to be favored by Mandalorians, among others.</description>
    <graphicData>
      <texPath>Weapons/Carbine</texPath>
      <graphicClass>Graphic_Single</graphicClass>
      <drawSize>1.2</drawSize>
    </graphicData>
    <soundInteract>Interact_Autopistol</soundInteract>
    <recipeMaker>
      <researchPrerequisite>ChargedShot</researchPrerequisite>
    </recipeMaker>
    <statBases>
      <Mass>2.55</Mass>
      <WorkToMake>65800</WorkToMake>
      <AccuracyTouch>0.95</AccuracyTouch>
      <AccuracyShort>0.85</AccuracyShort>
      <AccuracyMedium>0.79</AccuracyMedium>
      <AccuracyLong>0.79</AccuracyLong>
      <RangedWeapon_Cooldown>0.72</RangedWeapon_Cooldown>
    </statBases>
    <costList>
      <Steel>125</Steel>
      <Plasteel>55</Plasteel>
      <ComponentIndustrial>2</ComponentIndustrial>
    </costList>
    <comps>
      <li>
        <compClass>CompOversizedWeapon.CompOversizedWeapon</compClass>
      </li>
    </comps>
    <verbs>
      <li>
        <verbClass>Verb_Shoot</verbClass>
        <hasStandardCommand>true</hasStandardCommand>
        <defaultProjectile>PJ_EE3_Bolt</defaultProjectile>
        <warmupTime>2.23</warmupTime>
        <range>45</range>
        <soundCast>PJ_T21R</soundCast>
        <burstShotCount>2</burstShotCount>
        <ticksBetweenBurstShots>8</ticksBetweenBurstShots>
        <soundCastTail>PJ_Blas_Far</soundCastTail>
        <muzzleFlashScale>12</muzzleFlashScale>
      </li>
    </verbs>
    <tools>
      <li>
        <label>stock</label>
        <capacities>
          <li>Blunt</li>
        </capacities>
        <power>9</power>
        <cooldownTime>1.8</cooldownTime>
      </li>
      <li>
        <label>barrel</label>
        <capacities>
          <li>Blunt</li>
          <li>Poke</li>
        </capacities>
        <power>10</power>
        <cooldownTime>1.9</cooldownTime>
      </li>
    </tools>
    <weaponTags>
      <li>MedievalShields_ValidSidearm</li>
      <li>BlasterRifle</li>
    </weaponTags>
  </ThingDef>
</Defs>