﻿<?xml version="1.0" encoding="utf-8" ?>
<Defs>

  <FactionDef>
		<defName>PJ_RebelFac</defName>
		<label>The Rebel Alliance</label>
    <description>A loose alliance of factions and governments with the common goal of removing the Emperor Palpatine and his Galactic Empire.</description>
    <pawnsPlural>rebels</pawnsPlural>
    <settlementGenerationWeight>1</settlementGenerationWeight>
    <requiredCountAtGameStart>1</requiredCountAtGameStart>
    <canMakeRandomly>true</canMakeRandomly>
    <canSiege>true</canSiege>
    <canStageAttacks>true</canStageAttacks>
    <leaderTitle>Leader</leaderTitle>
    <colorSpectrum>
      <li>(1.0, 0.1, 0.1)</li>
    </colorSpectrum>
    <startingGoodwill>
      <min>10</min>
      <max>15</max>
    </startingGoodwill>
		<factionNameMaker>SWFactions_NamerFactionRebels</factionNameMaker>
    <factionIconPath>World/RebIcon</factionIconPath>
		<settlementNameMaker>NamerSettlementOutlander</settlementNameMaker>
		<techLevel>Spacer</techLevel>
    <backstoryFilters>
      <li>
        <categories>
          <li>Outlander</li>
        </categories>
        <commonality>0.95</commonality>
      </li>
      <li>
        <categories>
          <li>Offworld</li>
        </categories>
        <commonality>0.05</commonality>
      </li>
    </backstoryFilters>
		<hairTags>
			<li>Rural</li>
			<li>Urban</li>
			<li>Tribal</li>
			<li>Punk</li>
		</hairTags>
    <naturalColonyGoodwill>
      <min>10</min>
      <max>15</max>
    </naturalColonyGoodwill>
    <caravanTraderKinds>
      <li>Caravan_Outlander_BulkGoods</li>
      <li>Caravan_Outlander_CombatSupplier</li>
      <li>Caravan_Outlander_Exotic</li>
      <li>Caravan_Outlander_PirateMerchant</li>
    </caravanTraderKinds>
    <visitorTraderKinds>
      <li>Visitor_Outlander_Standard</li>
    </visitorTraderKinds>
    <baseTraderKinds>
      <li>Base_Outlander_Standard</li>
    </baseTraderKinds>
    <allowedArrivalTemperatureRange>
      <min>-40</min>
      <max>45</max>
    </allowedArrivalTemperatureRange>
      <maxPawnCostPerTotalPointsCurve>
      <points>
        <li>(0,35)</li>
        <li>(70, 50)</li>
        <li>(700, 100)</li>
        <li>(1300, 150)</li>
        <li>(100000, 10000)</li>
      </points>
    </maxPawnCostPerTotalPointsCurve>
    <pawnGroupMakers>
      <li>
        <kindDef>Combat</kindDef>
        <options>
          <PJ_RebVillager>50</PJ_RebVillager>
          <PJ_RebGuard>250</PJ_RebGuard>
          <PJ_RebPilot>200</PJ_RebPilot>
          <PJ_RebCouncilman>250</PJ_RebCouncilman>
          <PJ_RebMerc>150</PJ_RebMerc>
          <PJ_RebLAVSoldier>150</PJ_RebLAVSoldier>
		      <PJ_RebSoldier>150</PJ_RebSoldier>
		      <PJ_RebMerc>200</PJ_RebMerc>
          <PJ_RebNadeSoldier>250</PJ_RebNadeSoldier>
        </options>
      </li>
      <li>
        <kindDef>Peaceful</kindDef>
        <options>
          <PJ_RebVillager>50</PJ_RebVillager>
          <PJ_RebGuard>250</PJ_RebGuard>
          <PJ_RebPilot>200</PJ_RebPilot>
          <PJ_RebCouncilman>250</PJ_RebCouncilman>
          <PJ_RebMerc>150</PJ_RebMerc>
          <PJ_RebLAVSoldier>150</PJ_RebLAVSoldier>
		      <PJ_RebSoldier>150</PJ_RebSoldier>
		      <PJ_RebMerc>200</PJ_RebMerc>
          <PJ_RebNadeSoldier>250</PJ_RebNadeSoldier>
        </options>
      </li>
      <li>
        <kindDef>Trader</kindDef>
        <traders>
          <PJ_RebTrader>1</PJ_RebTrader>
        </traders>
        <carriers>
          <Muffalo>2</Muffalo>
          <Dromedary>2</Dromedary>
          <Alpaca>2</Alpaca>
          <Elephant>1</Elephant>
        </carriers>
        <guards>
          <PJ_RebGuard>250</PJ_RebGuard>
          <PJ_RebNadeSoldier>250</PJ_RebNadeSoldier>
          <PJ_RebPilot>200</PJ_RebPilot>
          <PJ_RebLAVSoldier>150</PJ_RebLAVSoldier>
		      <PJ_RebSoldier>150</PJ_RebSoldier>
		      <PJ_RebMerc>200</PJ_RebMerc>
        </guards>
      </li>
      <li>
        <kindDef>Settlement</kindDef>
        <options>
          <PJ_RebVillager>150</PJ_RebVillager>
          <PJ_RebGuard>250</PJ_RebGuard>
		      <PJ_RebSoldier>150</PJ_RebSoldier>
		      <PJ_RebMerc>200</PJ_RebMerc>
          <PJ_RebPilot>200</PJ_RebPilot>
          <PJ_RebCouncilman>250</PJ_RebCouncilman>
          <PJ_RebNadeSoldier>250</PJ_RebNadeSoldier>
          <PJ_RebLAVSoldier>100</PJ_RebLAVSoldier>
        </options>
      </li>
    </pawnGroupMakers>
    <settlementTexturePath>World/WorldObjects/DefaultSettlement</settlementTexturePath>
  </FactionDef>

</Defs>
