﻿<?xml version="1.0" encoding="utf-8"?>
<Defs>
  <!--
     ==== Imperial Traders
     ==== Imperial credits are introduced.
     ==== All prices are marked up heavily.
     ==== Drug sales are disabled.
-->
  <TraderKindDef>
    <defName>PJ_ImpTrader_BulkGoods</defName>
    <label>Imperial bulk goods provisioner</label>
    <commonality>2</commonality>
    <stockGenerators>
      <!-- === Adding credits for imperial traders === -->
      <li Class="StockGenerator_SingleDef">
        <thingDef>PJ_ImperialCredit</thingDef>
        <countRange>500~1500</countRange>
      </li>
      <li Class="StockGenerator_BuySingleDef">
        <thingDef>PJ_ImperialCredit</thingDef>
      </li>
      <!-- === TraderKinds_Outlander_Caravan update 1.1 2/26/20 === -->
      <!-- === Drugs commented out === -->
      <li Class="StockGenerator_SingleDef">
        <thingDef>Silver</thingDef>
        <countRange>750~1200</countRange>
      </li>
      <li Class="StockGenerator_SingleDef">
        <thingDef>ComponentIndustrial</thingDef>
        <countRange>30~40</countRange>
      </li>
      <li Class="StockGenerator_SingleDef">
        <thingDef>ComponentSpacer</thingDef>
        <countRange>-10~2</countRange>
      </li>
      <li Class="StockGenerator_SingleDef">
        <thingDef>Steel</thingDef>
        <countRange>250~400</countRange>
      </li>
      <li Class="StockGenerator_SingleDef">
        <thingDef>Cloth</thingDef>
        <countRange>250~400</countRange>
      </li>
      <li Class="StockGenerator_SingleDef">
        <thingDef>Chemfuel</thingDef>
        <countRange>250~400</countRange>
      </li>
      <li Class="StockGenerator_SingleDef">
        <thingDef>Neutroamine</thingDef>
        <countRange>70~160</countRange>
      </li>
      <li Class="StockGenerator_SingleDef">
        <thingDef>Beer</thingDef>
        <totalPriceRange>-100~100</totalPriceRange>
      </li>
      <li Class="StockGenerator_SingleDef">
        <thingDef>Chocolate</thingDef>
        <totalPriceRange>10~40</totalPriceRange>
      </li>
      <li Class="StockGenerator_Category">
        <categoryDef>FoodRaw</categoryDef>
        <excludedCategories>
          <li>EggsFertilized</li>
        </excludedCategories>
        <thingDefCountRange>3~3</thingDefCountRange>
        <totalPriceRange>150~600</totalPriceRange>
      </li>
      <li Class="StockGenerator_Category">
        <categoryDef>Textiles</categoryDef>
      </li>
      <li Class="StockGenerator_MultiDef">
        <thingDefs>
          <li>Chocolate</li>
          <li>Kibble</li>
          <li>Pemmican</li>
        </thingDefs>
      </li>
      <!--
      Removed Deprecated Drug Entries - Xen 2/26/2020
      -->
      <li Class="StockGenerator_Category">
        <categoryDef>Textiles</categoryDef>
      </li>
      <li Class="StockGenerator_BuyExpensiveSimple" />
      <li Class="StockGenerator_BuyTradeTag">
        <tag>Art</tag>
      </li>
      <li Class="StockGenerator_BuyTradeTag">
        <tag>ImplantEmpireCommon</tag>
      </li>
      <li Class="StockGenerator_BuyTradeTag">
        <tag>ImplantEmpireRoyal</tag>
      </li>
      <li Class="StockGenerator_MultiDef">
        <thingDefs>
          <li>Chocolate</li>
          <li>Kibble</li>
          <li>Pemmican</li>
        </thingDefs>
      </li>
    </stockGenerators>
  </TraderKindDef>
  <TraderKindDef>
    <defName>PJ_ImpTrader_CombatSupplier</defName>
    <label>Imperial weapons provisioner</label>
    <commonality>1</commonality>
    <stockGenerators>
      <!-- === Adding credits for imperial traders === -->
      <li Class="StockGenerator_SingleDef">
        <thingDef>PJ_ImperialCredit</thingDef>
        <countRange>100~350</countRange>
      </li>
      <li Class="StockGenerator_BuySingleDef">
        <thingDef>PJ_ImperialCredit</thingDef>
      </li>
      <!-- === Adding Imperial Weapons === -->
      <!-- === Standard issue === -->
      <li Class="StockGenerator_SingleDef">
        <thingDef>PJ_E11Blaster</thingDef>
        <price>Expensive</price>
        <countRange>1~3</countRange>
      </li>
      <li Class="StockGenerator_SingleDef">
        <thingDef>PJ_Scoutblaster</thingDef>
        <price>Expensive</price>
        <countRange>1~3</countRange>
      </li>
      <li Class="StockGenerator_SingleDef">
        <thingDef>PJ_T21Rifle</thingDef>
        <price>Expensive</price>
        <countRange>1~3</countRange>
      </li>
      <li Class="StockGenerator_SingleDef">
        <thingDef>PJ_DLT19Rifle</thingDef>
        <price>Expensive</price>
        <countRange>1~3</countRange>
      </li>
      <!-- === Less Common Weapons === -->
      <li Class="StockGenerator_SingleDef">
        <thingDef>PJ_DH17Blaster</thingDef>
        <price>Expensive</price>
        <countRange>1~3</countRange>
      </li>
      <!-- === Older blasters the Empire may be getting rid of === -->
      <li Class="StockGenerator_SingleDef">
        <thingDef>PJ_DC15Rifle</thingDef>
        <countRange>1~3</countRange>
      </li>
      <!-- ====== Caravan Combat Supplier as for A17b 6/10/17 ====== -->
      <!-- === Only selling Imperial weapons === -->
      <li Class="StockGenerator_SingleDef">
        <thingDef>Silver</thingDef>
        <countRange>750~2200</countRange>
      </li>
      <!--
      Removed Deprecated Entries - Xen 2/26/2020
    -->
      <li Class="StockGenerator_SingleDef">
        <thingDef>MedicineUltratech</thingDef>
        <price>Expensive</price>
        <countRange>10~20</countRange>
      </li>
      <li Class="StockGenerator_Tag">
        <tradeTag>MortarShell</tradeTag>
        <thingDefCountRange>1~2</thingDefCountRange>
        <countRange>3~15</countRange>
      </li>
      <li Class="StockGenerator_BuyExpensiveSimple" />
      <li Class="StockGenerator_BuyTradeTag">
        <tag>Art</tag>
      </li>
      <li Class="StockGenerator_BuyTradeTag">
        <tag>HiTechArmor</tag>
      </li>
    </stockGenerators>
  </TraderKindDef>
  <TraderKindDef>
    <defName>PJ_ImpTrader_Slaver</defName>
    <label>Imperial slaver</label>
    <commonality>1</commonality>
    <stockGenerators>
      <!-- === Adding credits for imperial traders === -->
      <li Class="StockGenerator_SingleDef">
        <thingDef>PJ_ImperialCredit</thingDef>
        <countRange>750~1200</countRange>
      </li>
      <li Class="StockGenerator_BuySingleDef">
        <thingDef>PJ_ImperialCredit</thingDef>
      </li>
      <li Class="StockGenerator_BuySingleDef">
        <thingDef>Gold</thingDef>
      </li>
      <!-- === Standard Pirate Trader def for A17b as of 6/10/17 === -->
      <!-- === Drugs disabled due to Imperial code === -->
      <li Class="StockGenerator_SingleDef">
        <thingDef>Silver</thingDef>
        <countRange>750~1500</countRange>
      </li>
      <li Class="StockGenerator_Slaves">
        <countRange>2~3</countRange>
      </li>
      <li Class="StockGenerator_SingleDef">
        <thingDef>MedicineUltratech</thingDef>
        <price>Expensive</price>
        <countRange>2~5</countRange>
      </li>
      <li Class="StockGenerator_Tag">
        <tradeTag>MortarShell</tradeTag>
        <thingDefCountRange>-1~2</thingDefCountRange>
        <countRange>1~10</countRange>
      </li>
      <!--
			Removed Deprecated Drug Entries - Xen 2/26/2020
    -->
      <li Class="StockGenerator_Animals">
        <tradeTagsSell>
          <li>AnimalFighter</li>
        </tradeTagsSell>
        <tradeTagsBuy>
          <li>AnimalUncommon</li>
          <li>AnimalExotic</li>
        </tradeTagsBuy>
        <kindCountRange>1~2</kindCountRange>
        <countRange>1~3</countRange>
      </li>
      <li Class="StockGenerator_BuyExpensiveSimple" />
      <li Class="StockGenerator_BuyTradeTag">
        <tag>Art</tag>
      </li>
      <!--
      <li Class="StockGenerator_BuySingleDef">
        <thingDef>Gold</thingDef>
      </li>
    -->
    </stockGenerators>
  </TraderKindDef>
</Defs>