﻿<?xml version="1.0" encoding="utf-8"?>
<Defs>
  <TraderKindDef>
    <defName>PJ_ImpTrader_Base</defName>
    <stockGenerators>
      <!-- === Adding credits for imperial traders === -->
      <li Class="StockGenerator_SingleDef">
        <thingDef>PJ_ImperialCredit</thingDef>
        <countRange>3500~9000</countRange>
      </li>
      <li Class="StockGenerator_BuySingleDef">
        <thingDef>PJ_ImperialCredit</thingDef>
        <price>Expensive</price>
      </li>
      <!-- == Imperial Weapons == -->
      <li Class="StockGenerator_SingleDef">
        <thingDef>PJ_E11Blaster</thingDef>
        <price>Expensive</price>
        <countRange>1~3</countRange>
      </li>
      <li Class="StockGenerator_SingleDef">
        <thingDef>PJ_Scoutblaster</thingDef>
        <price>Expensive</price>
        <countRange>1~3</countRange>
      </li>
      <li Class="StockGenerator_SingleDef">
        <thingDef>PJ_T21Rifle</thingDef>
        <price>Expensive</price>
        <countRange>1~3</countRange>
      </li>
      <li Class="StockGenerator_SingleDef">
        <thingDef>PJ_DLT19Rifle</thingDef>
        <price>Expensive</price>
        <countRange>1~3</countRange>
      </li>
      <!-- === Less Common Weapons === -->
      <li Class="StockGenerator_SingleDef">
        <thingDef>PJ_DH17Blaster</thingDef>
        <price>Expensive</price>
        <countRange>1~3</countRange>
      </li>
      <!-- === Older blasters the Empire may be getting rid of === -->
      <li Class="StockGenerator_SingleDef">
        <thingDef>PJ_DC15Rifle</thingDef>
        <countRange>1~3</countRange>
      </li>
      <!-- === Standard Outlander Base trader without drugs as per Imperial code === -->
      <li Class="StockGenerator_SingleDef">
        <thingDef>Silver</thingDef>
        <countRange>800~3000</countRange>
      </li>
      <li Class="StockGenerator_SingleDef">
        <thingDef>ComponentIndustrial</thingDef>
        <price>Expensive</price>
        <countRange>10~30</countRange>
      </li>
      <li Class="StockGenerator_SingleDef">
        <thingDef>Steel</thingDef>
        <price>Expensive</price>
        <countRange>300~700</countRange>
      </li>
      <li Class="StockGenerator_SingleDef">
        <thingDef>WoodLog</thingDef>
        <price>Expensive</price>
        <countRange>200~450</countRange>
      </li>
      <li Class="StockGenerator_SingleDef">
        <thingDef>Plasteel</thingDef>
        <price>Expensive</price>
        <countRange>0~350</countRange>
      </li>
      <li Class="StockGenerator_SingleDef">
        <thingDef>Cloth</thingDef>
        <price>Expensive</price>
        <countRange>100~300</countRange>
      </li>
      <li Class="StockGenerator_SingleDef">
        <thingDef>Gold</thingDef>
        <countRange>1~300</countRange>
      </li>
      <li Class="StockGenerator_SingleDef">
        <thingDef>Neutroamine</thingDef>
        <price>Expensive</price>
        <countRange>50~300</countRange>
      </li>
      <li Class="StockGenerator_SingleDef">
        <thingDef>Chemfuel</thingDef>
        <price>Expensive</price>
        <countRange>50~300</countRange>
      </li>
      <li Class="StockGenerator_SingleDef">
        <thingDef>Chocolate</thingDef>
        <price>Expensive</price>
        <countRange>50~300</countRange>
      </li>
      <li Class="StockGenerator_SingleDef">
        <thingDef>Beer</thingDef>
        <price>Expensive</price>
        <countRange>50~300</countRange>
      </li>
      <li Class="StockGenerator_SingleDef">
        <thingDef>MedicineUltratech</thingDef>
        <price>Expensive</price>
        <countRange>50~300</countRange>
      </li>
      <li Class="StockGenerator_Tag">
        <tradeTag>MortarShell</tradeTag>
        <thingDefCountRange>1~2</thingDefCountRange>
        <countRange>20~40</countRange>
      </li>
      <li Class="StockGenerator_Category">
        <categoryDef>Textiles</categoryDef>
        <thingDefCountRange>1~2</thingDefCountRange>
        <totalPriceRange>400~800</totalPriceRange>
      </li>
      <li Class="StockGenerator_Category">
        <categoryDef>ResourcesRaw</categoryDef>
        <thingDefCountRange>2~4</thingDefCountRange>
        <totalPriceRange>400~800</totalPriceRange>
      </li>
      <li Class="StockGenerator_Category">
        <categoryDef>FoodRaw</categoryDef>
        <excludedCategories>
          <li>EggsFertilized</li>
        </excludedCategories>
        <thingDefCountRange>2~4</thingDefCountRange>
        <totalPriceRange>400~800</totalPriceRange>
      </li>
      <li Class="StockGenerator_Category">
        <categoryDef>FoodMeals</categoryDef>
        <thingDefCountRange>1~2</thingDefCountRange>
        <countRange>12~50</countRange>
      </li>
      <li Class="StockGenerator_Tag">
        <tradeTag>Furniture</tradeTag>
        <price>Expensive</price>
        <thingDefCountRange>3~4</thingDefCountRange>
        <countRange>1~2</countRange>
      </li>
      <li Class="StockGenerator_Animals">
        <price>Expensive</price>
        <tradeTagsSell>
          <li>AnimalFarm</li>
          <li>AnimalPet</li>
          <li>AnimalCommon</li>
        </tradeTagsSell>
        <tradeTagsBuy>
          <li>AnimalExotic</li>
          <li>AnimalCommon</li>
        </tradeTagsBuy>
        <kindCountRange>2~4</kindCountRange>
        <countRange>3~8</countRange>
      </li>
      <li Class="StockGenerator_Clothes">
        <price>Expensive</price>
        <countRange>10~16</countRange>
      </li>
      <!--
      <li Class="StockGenerator_Category">
        <categoryDef>Drugs</categoryDef>
        <thingDefCountRange>3~4</thingDefCountRange>
        <totalPriceRange>700~1500</totalPriceRange>
      </li>
      <li Class="StockGenerator_WeaponsRanged">
        <countRange>3~6</countRange>
      </li>
      <li Class="StockGenerator_Category">
        <categoryDef>WeaponsMelee</categoryDef>
        <thingDefCountRange>3~4</thingDefCountRange>
        <countRange>1~2</countRange>
      </li>
      <li Class="StockGenerator_Armor">
        <countRange>2~4</countRange>
      </li>
    -->
      <li Class="StockGenerator_Tag">
        <tradeTag>BodyPartOrImplant</tradeTag>
        <price>Expensive</price>
        <thingDefCountRange>2~4</thingDefCountRange>
        <countRange>1~1</countRange>
      </li>
      <li Class="StockGenerator_Tag">
        <tradeTag>Exotic</tradeTag>
        <price>Expensive</price>
        <thingDefCountRange>1~4</thingDefCountRange>
        <countRange>1~2</countRange>
      </li>
      <li Class="StockGenerator_Tag">
        <tradeTag>Artifact</tradeTag>
        <price>Expensive</price>
        <thingDefCountRange>1~4</thingDefCountRange>
        <countRange>1~1</countRange>
      </li>
      <li Class="StockGenerator_Category">
        <categoryDef>Apparel</categoryDef>
        <price>Expensive</price>
        <thingDefCountRange>3~6</thingDefCountRange>
        <countRange>1~10</countRange>
      </li>
      <li Class="StockGenerator_Art">
        <countRange>5~10</countRange>
      </li>
      <li Class="StockGenerator_Tag">
        <tradeTag>Television</tradeTag>
        <price>Expensive</price>
        <thingDefCountRange>1~2</thingDefCountRange>
        <countRange>1~2</countRange>
      </li>
      <li Class="StockGenerator_SingleDef">
        <thingDef>Telescope</thingDef>
        <price>Expensive</price>
        <countRange>0~1</countRange>
      </li>
      <!-- == The Empire always has slaves available == -->
      <li Class="StockGenerator_Slaves">
        <price>Expensive</price>
        <countRange>2~6</countRange>
      </li>
      <li Class="StockGenerator_MultiDef">
        <price>Expensive</price>
        <thingDefs>
          <li>Kibble</li>
          <li>Pemmican</li>
        </thingDefs>
      </li>
      <li Class="StockGenerator_BuyExpensiveSimple" />
      <li Class="StockGenerator_BuyTradeTag">
        <tag>Art</tag>
      </li>
      <li Class="StockGenerator_BuyTradeTag">
        <tag>ImplantEmpireCommon</tag>
      </li>
      <li Class="StockGenerator_BuyTradeTag">
        <tag>ImplantEmpireRoyal</tag>
      </li>
    </stockGenerators>
  </TraderKindDef>
</Defs>