﻿<?xml version="1.0" encoding="utf-8"?>
<Defs>
  <ManeuverDef>
    <defName>PJ_VibroSlash</defName>
    <requiredCapacity>PJ_VibroCut</requiredCapacity>
    <verb>
      <verbClass>Verb_MeleeAttackDamage</verbClass>
      <meleeDamageDef>PJ_Vibro</meleeDamageDef>
    </verb>
    <logEntryDef>MeleeAttack</logEntryDef>
    <combatLogRulesHit>Maneuver_Slash_MeleeHit</combatLogRulesHit>
    <combatLogRulesDeflect>Maneuver_Slash_MeleeDeflect</combatLogRulesDeflect>
    <combatLogRulesMiss>Maneuver_Slash_MeleeMiss</combatLogRulesMiss>
    <combatLogRulesDodge>Maneuver_Slash_MeleeDodge</combatLogRulesDodge>
  </ManeuverDef>
  <ManeuverDef>
    <defName>PJ_VibroStabM</defName>
    <requiredCapacity>PJ_VibroStab</requiredCapacity>
    <verb>
      <verbClass>Verb_MeleeAttackDamage</verbClass>
      <meleeDamageDef>PJ_Vibro</meleeDamageDef>
    </verb>
    <logEntryDef>MeleeAttack</logEntryDef>
    <combatLogRulesHit>Maneuver_Stab_MeleeHit</combatLogRulesHit>
    <combatLogRulesDeflect>Maneuver_Stab_MeleeDeflect</combatLogRulesDeflect>
    <combatLogRulesMiss>Maneuver_Stab_MeleeMiss</combatLogRulesMiss>
    <combatLogRulesDodge>Maneuver_Stab_MeleeDodge</combatLogRulesDodge>
  </ManeuverDef>
</Defs>