﻿<?xml version="1.0" encoding="utf-8"?>
<Defs>
  <ThingDef ParentName="ArmorPJMachineableBase">
    <defName>PJ_MandoArmor</defName>
    <label>Mando armor</label>
    <techLevel>Spacer</techLevel>
    <description>The most recognizable symbol of the Mandalorian culture, Mandalorian armor was a catch-all term for the sets of distinctive full-body armor worn by Mandalorian warriors and soldiers throughout galactic history.</description>
    <graphicData>
      <texPath>General/Mando/XandoArmor</texPath>
      <graphicClass>Graphic_Single</graphicClass>
    </graphicData>
    <recipeMaker>
      <unfinishedThingDef>UnfinishedTechArmor</unfinishedThingDef>
      <researchPrerequisite>PoweredArmor</researchPrerequisite>
    </recipeMaker>
    <costList>
      <Steel>8</Steel>
      <Plasteel>120</Plasteel>
      <ComponentIndustrial>12</ComponentIndustrial>
    </costList>
    <statBases>
      <Mass>14</Mass>
      <WorkToMake>159000</WorkToMake>
      <MaxHitPoints>500</MaxHitPoints>
      <MarketValue>6050</MarketValue>
      <ArmorRating_Blunt>1.35</ArmorRating_Blunt>
      <ArmorRating_Sharp>0.82</ArmorRating_Sharp>
      <ArmorRating_Heat>0.74</ArmorRating_Heat>
      <Insulation_Cold>45</Insulation_Cold>
      <Insulation_Heat>45</Insulation_Heat>
    </statBases>
    <thingCategories>
      <li>Apparel</li>
    </thingCategories>
    <apparel>
      <tags>
        <li>PJ_Mando</li>
      </tags>
      <wornGraphicPath>General/Mando/XandoArmor</wornGraphicPath>
      <layers>
        <li>Middle</li>
        <li>Shell</li>
      </layers>
      <bodyPartGroups>
        <li>Torso</li>
        <li>Arms</li>
        <li>Legs</li>
      </bodyPartGroups>
      <defaultOutfitTags>
        <li>Soldier</li>
      </defaultOutfitTags>
    </apparel>
  </ThingDef>
  <ThingDef ParentName="ArmorPJMachineableBase">
    <defName>PJ_VetMandoArmor</defName>
    <label>Mando Veteran armor</label>
    <techLevel>Spacer</techLevel>
    <description>The most recognizable symbol of the Mandalorian culture, Mandalorian armor was a catch-all term for the sets of distinctive full-body armor worn by Mandalorian warriors and soldiers throughout galactic history.</description>
    <graphicData>
      <texPath>General/Mando/VetXandoArmor</texPath>
      <graphicClass>Graphic_Single</graphicClass>
    </graphicData>
    <recipeMaker>
      <unfinishedThingDef>UnfinishedTechArmor</unfinishedThingDef>
      <researchPrerequisite>PoweredArmor</researchPrerequisite>
    </recipeMaker>
    <costList>
      <Steel>18</Steel>
      <Plasteel>130</Plasteel>
      <ComponentIndustrial>12</ComponentIndustrial>
    </costList>
    <statBases>
      <Mass>14</Mass>
      <WorkToMake>159000</WorkToMake>
      <MaxHitPoints>500</MaxHitPoints>
      <MarketValue>6150</MarketValue>
      <ArmorRating_Blunt>1.39</ArmorRating_Blunt>
      <ArmorRating_Sharp>0.88</ArmorRating_Sharp>
      <ArmorRating_Heat>0.76</ArmorRating_Heat>
      <Insulation_Cold>48</Insulation_Cold>
      <Insulation_Heat>48</Insulation_Heat>
    </statBases>
    <thingCategories>
      <li>Apparel</li>
    </thingCategories>
    <apparel>
      <tags>
        <li>PJ_Mando</li>
      </tags>
      <wornGraphicPath>General/Mando/VetXandoArmor</wornGraphicPath>
      <layers>
        <li>Middle</li>
        <li>Shell</li>
      </layers>
      <bodyPartGroups>
        <li>Torso</li>
        <li>Arms</li>
        <li>Legs</li>
      </bodyPartGroups>
      <defaultOutfitTags>
        <li>Soldier</li>
      </defaultOutfitTags>
    </apparel>
  </ThingDef>
  <ThingDef ParentName="ArmorPJHelmetMakeableBase">
    <defName>PJ_MandoHelm</defName>
    <label>Mando helm</label>
    <techLevel>Spacer</techLevel>
    <description>The ever-recognizable T-shaped visor of the mandalorian helmet strikes fear throughout the galaxy.</description>
    <graphicData>
      <texPath>General/Mando/Xhelmet</texPath>
      <graphicClass>Graphic_Single</graphicClass>
    </graphicData>
    <recipeMaker>
      <unfinishedThingDef>UnfinishedTechArmor</unfinishedThingDef>
      <researchPrerequisite>PoweredArmor</researchPrerequisite>
    </recipeMaker>
    <costList>
      <Steel>4</Steel>
      <Plasteel>60</Plasteel>
      <ComponentIndustrial>6</ComponentIndustrial>
    </costList>
    <statBases>
      <Mass>2.4</Mass>
      <WorkToMake>32000</WorkToMake>
      <MaxHitPoints>450</MaxHitPoints>
      <MarketValue>1520</MarketValue>
      <ArmorRating_Blunt>1.15</ArmorRating_Blunt>
      <ArmorRating_Sharp>0.72</ArmorRating_Sharp>
      <ArmorRating_Heat>1.4</ArmorRating_Heat>
      <Insulation_Cold>25</Insulation_Cold>
      <Insulation_Heat>25</Insulation_Heat>
    </statBases>
    <apparel>
      <defaultOutfitTags>
        <li>Soldier</li>
      </defaultOutfitTags>
      <tags>
        <li>PJ_Mando</li>
      </tags>
      <wornGraphicPath>General/Mando/Xhelmet</wornGraphicPath>
      <layers>
        <li>Overhead</li>
      </layers>
      <bodyPartGroups>
        <li>FullHead</li>
      </bodyPartGroups>
    </apparel>
  </ThingDef>
  <!-- ====Strams==== -->
  <ThingDef ParentName="ArmorPJMachineableBase">
    <defName>PJ_BarkMandoArmor</defName>
    <label>Barky's clan armor</label>
    <techLevel>Spacer</techLevel>
    <description>Armor dedicated to the followers of an honored warrior. Mandalorians wear this sigil-bound vestment and cry out, For Barkyyyyyy!!!</description>
    <graphicData>
      <texPath>General/Mando/Stram/BXandoArmor</texPath>
      <graphicClass>Graphic_Single</graphicClass>
    </graphicData>
    <recipeMaker>
      <unfinishedThingDef>UnfinishedTechArmor</unfinishedThingDef>
      <researchPrerequisite>PoweredArmor</researchPrerequisite>
    </recipeMaker>
    <costList>
      <Steel>18</Steel>
      <Plasteel>130</Plasteel>
      <ComponentIndustrial>12</ComponentIndustrial>
    </costList>
    <statBases>
      <Mass>14</Mass>
      <WorkToMake>159000</WorkToMake>
      <MaxHitPoints>500</MaxHitPoints>
      <MarketValue>6150</MarketValue>
      <ArmorRating_Blunt>1.59</ArmorRating_Blunt>
      <ArmorRating_Sharp>0.88</ArmorRating_Sharp>
      <ArmorRating_Heat>0.96</ArmorRating_Heat>
      <Insulation_Cold>48</Insulation_Cold>
      <Insulation_Heat>48</Insulation_Heat>
    </statBases>
    <thingCategories>
      <li>Apparel</li>
    </thingCategories>
    <apparel>
      <tags>
        <li>PJ_MandoB</li>
      </tags>
      <wornGraphicPath>General/Mando/Stram/BXandoArmor</wornGraphicPath>
      <layers>
        <li>Middle</li>
        <li>Shell</li>
      </layers>
      <bodyPartGroups>
        <li>Torso</li>
        <li>Arms</li>
        <li>Legs</li>
      </bodyPartGroups>
      <defaultOutfitTags>
        <li>Soldier</li>
      </defaultOutfitTags>
    </apparel>
  </ThingDef>
</Defs>