﻿<?xml version="1.0" encoding="utf-8"?>
<Defs>
  <ThingDef Name="ArmorPJMachineableBase" ParentName="ApparelBase" Abstract="True">
    <recipeMaker>
      <workSpeedStat>GeneralLaborSpeed</workSpeedStat>
      <workSkill>Crafting</workSkill>
      <effectWorking>Smith</effectWorking>
      <soundWorking>Recipe_Machining</soundWorking>
      <recipeUsers>
        <li>Table_PJ_Bench</li>
      </recipeUsers>
      <unfinishedThingDef>UnfinishedArmor</unfinishedThingDef>
      <defaultIngredientFilter>
        <categories>
          <li>Root</li>
        </categories>
        <disallowedThingDefs>
          <li>Gold</li>
          <li>Silver</li>
          <li>Jade</li>
          <li>Uranium</li>
        </disallowedThingDefs>
      </defaultIngredientFilter>
    </recipeMaker>
  </ThingDef>
  <ThingDef Name="ArmorPJHelmetMakeableBase" ParentName="ArmorPJMachineableBase" Abstract="True">
    <thingCategories>
      <li>Headgear</li>
    </thingCategories>
  </ThingDef>
  <ThingDef ParentName="ApparelMakeableBase">
    <defName>PJ_ImpUniform</defName>
    <label>Imperial Uniform Bodysuit(Inner-Mesh)</label>
    <techLevel>Spacer</techLevel>
    <description>The uniform body suit worn by the martial forces of the Galactic Empire.</description>
    <graphicData>
      <texPath>General/Gear/Bodysuit/BodyX</texPath>
      <graphicClass>Graphic_Single</graphicClass>
    </graphicData>
    <statBases>
      <Mass>1</Mass>
      <MaxHitPoints>350</MaxHitPoints>
      <MarketValue>100</MarketValue>
      <ArmorRating_Blunt>0.3</ArmorRating_Blunt>
      <ArmorRating_Sharp>0.3</ArmorRating_Sharp>
      <ArmorRating_Heat>0.3</ArmorRating_Heat>
      <Insulation_Cold>5</Insulation_Cold>
      <Insulation_Heat>5</Insulation_Heat>
    </statBases>
    <costList>
      <Steel>8</Steel>
      <Cloth>120</Cloth>
    </costList>
    <thingCategories>
      <li>Apparel</li>
    </thingCategories>
    <apparel>
      <tags>
        <li>PJ_Imp</li>
      </tags>
      <defaultOutfitTags>
        <li>Worker</li>
        <li>Soldier</li>
      </defaultOutfitTags>
      <wornGraphicPath>General/Gear/Bodysuit/BodyX</wornGraphicPath>
      <layers>
        <li>OnSkin</li>
      </layers>
      <bodyPartGroups>
        <li>Torso</li>
        <li>Arms</li>
        <li>Legs</li>
      </bodyPartGroups>
    </apparel>
    <colorGenerator Class="ColorGenerator_Options">
      <options>
        <li>
          <weight>6</weight>
          <only>RGBA(1,1,1,1)</only>
        </li>
      </options>
    </colorGenerator>
  </ThingDef>
  <ThingDef ParentName="ApparelMakeableBase">
    <defName>PJ_ImpUniformBlack</defName>
    <label>Imperial Navy Uniform(Inner-Black)</label>
    <techLevel>Spacer</techLevel>
    <description>The uniform worn by the martial forces of the Galactic Empire. This version is usually worn by mid-ranking officers assigned to capitol ships or stations.</description>
    <graphicData>
      <texPath>Imp/Gear/Blk/ImperialOfficerUniformB</texPath>
      <graphicClass>Graphic_Single</graphicClass>
    </graphicData>
    <statBases>
      <Mass>1</Mass>
      <MaxHitPoints>350</MaxHitPoints>
      <MarketValue>100</MarketValue>
      <ArmorRating_Blunt>0.3</ArmorRating_Blunt>
      <ArmorRating_Sharp>0.3</ArmorRating_Sharp>
      <ArmorRating_Heat>0.3</ArmorRating_Heat>
      <Insulation_Cold>5</Insulation_Cold>
      <Insulation_Heat>5</Insulation_Heat>
    </statBases>
    <costList>
      <Steel>8</Steel>
      <Cloth>120</Cloth>
    </costList>
    <thingCategories>
      <li>Apparel</li>
    </thingCategories>
    <apparel>
      <tags>
        <li>PJ_Imp</li>
      </tags>
      <defaultOutfitTags>
        <li>Worker</li>
        <li>Soldier</li>
      </defaultOutfitTags>
      <wornGraphicPath>Imp/Gear/Blk/ImperialOfficerUniformB</wornGraphicPath>
      <layers>
        <li>OnSkin</li>
      </layers>
      <bodyPartGroups>
        <li>Torso</li>
        <li>Arms</li>
        <li>Legs</li>
      </bodyPartGroups>
    </apparel>
    <colorGenerator Class="ColorGenerator_Options">
      <options>
        <li>
          <weight>6</weight>
          <only>RGBA(1,1,1,1)</only>
        </li>
      </options>
    </colorGenerator>
  </ThingDef>
  <ThingDef ParentName="ApparelMakeableBase">
    <defName>PJ_STOffUniform</defName>
    <label>Stormtrooper Officer Uniform(Inner)</label>
    <techLevel>Spacer</techLevel>
    <description>The uniform worn by the martial forces of the Galactic Empire. This version is usually worn by elite stormtroopers, or unit commanders.</description>
    <graphicData>
      <texPath>Imp/Gear/Sto/ImperialSTOfficerUniform</texPath>
      <graphicClass>Graphic_Single</graphicClass>
    </graphicData>
    <statBases>
      <Mass>1</Mass>
      <MaxHitPoints>350</MaxHitPoints>
      <MarketValue>100</MarketValue>
      <ArmorRating_Blunt>0.3</ArmorRating_Blunt>
      <ArmorRating_Sharp>0.3</ArmorRating_Sharp>
      <ArmorRating_Heat>0.3</ArmorRating_Heat>
      <Insulation_Cold>5</Insulation_Cold>
      <Insulation_Heat>5</Insulation_Heat>
    </statBases>
    <costList>
      <Steel>8</Steel>
      <Cloth>120</Cloth>
    </costList>
    <thingCategories>
      <li>Apparel</li>
    </thingCategories>
    <apparel>
      <tags>
        <li>PJ_Imp</li>
      </tags>
      <defaultOutfitTags>
        <li>Worker</li>
        <li>Soldier</li>
      </defaultOutfitTags>
      <wornGraphicPath>Imp/Gear/Sto/ImperialSTOfficerUniform</wornGraphicPath>
      <layers>
        <li>OnSkin</li>
      </layers>
      <bodyPartGroups>
        <li>Torso</li>
        <li>Arms</li>
        <li>Legs</li>
      </bodyPartGroups>
    </apparel>
    <colorGenerator Class="ColorGenerator_Options">
      <options>
        <li>
          <weight>6</weight>
          <only>RGBA(1,1,1,1)</only>
        </li>
      </options>
    </colorGenerator>
  </ThingDef>
  <ThingDef ParentName="ApparelMakeableBase">
    <defName>PJ_ImpNAVYSHELL</defName>
    <label>Imperial Navy Uniform(Outer-Dark)</label>
    <techLevel>Spacer</techLevel>
    <description>The uniform worn by the martial forces of the Galactic Empire. This version is usually worn by mid-ranking officers assigned to capitol ships or stations.</description>
    <graphicData>
      <texPath>Imp/Gear/Navy/ImperialNavytrooper</texPath>
      <graphicClass>Graphic_Single</graphicClass>
    </graphicData>
    <statBases>
      <Mass>1</Mass>
      <MaxHitPoints>350</MaxHitPoints>
      <MarketValue>100</MarketValue>
      <ArmorRating_Blunt>0.3</ArmorRating_Blunt>
      <ArmorRating_Sharp>0.3</ArmorRating_Sharp>
      <ArmorRating_Heat>0.3</ArmorRating_Heat>
      <Insulation_Cold>5</Insulation_Cold>
      <Insulation_Heat>5</Insulation_Heat>
    </statBases>
    <costList>
      <Steel>8</Steel>
      <Cloth>120</Cloth>
    </costList>
    <thingCategories>
      <li>Apparel</li>
    </thingCategories>
    <apparel>
      <tags>
        <li>PJ_Imp</li>
      </tags>
      <defaultOutfitTags>
        <li>Worker</li>
        <li>Soldier</li>
      </defaultOutfitTags>
      <wornGraphicPath>Imp/Gear/Navy/ImperialNavytrooper</wornGraphicPath>
      <layers>
        <li>Shell</li>
      </layers>
      <bodyPartGroups>
        <li>Torso</li>
        <li>Arms</li>
        <li>Legs</li>
      </bodyPartGroups>
    </apparel>
    <colorGenerator Class="ColorGenerator_Options">
      <options>
        <li>
          <weight>6</weight>
          <only>RGBA(1,1,1,1)</only>
        </li>
      </options>
    </colorGenerator>
  </ThingDef>
  <ThingDef ParentName="ApparelMakeableBase">
    <defName>PJ_ImpUniformBlackSHELL</defName>
    <label>Imperial Navy Uniform(Outer-Black)</label>
    <techLevel>Spacer</techLevel>
    <description>The uniform worn by the martial forces of the Galactic Empire. This version is usually worn by mid-ranking officers assigned to capitol ships or stations.</description>
    <graphicData>
      <texPath>Imp/Gear/Blk/ImperialOfficerUniformB</texPath>
      <graphicClass>Graphic_Single</graphicClass>
    </graphicData>
    <statBases>
      <Mass>1</Mass>
      <MaxHitPoints>350</MaxHitPoints>
      <MarketValue>100</MarketValue>
      <ArmorRating_Blunt>0.3</ArmorRating_Blunt>
      <ArmorRating_Sharp>0.3</ArmorRating_Sharp>
      <ArmorRating_Heat>0.3</ArmorRating_Heat>
      <Insulation_Cold>5</Insulation_Cold>
      <Insulation_Heat>5</Insulation_Heat>
    </statBases>
    <costList>
      <Steel>8</Steel>
      <Cloth>120</Cloth>
    </costList>
    <thingCategories>
      <li>Apparel</li>
    </thingCategories>
    <apparel>
      <tags>
        <li>PJ_Imp</li>
      </tags>
      <defaultOutfitTags>
        <li>Worker</li>
        <li>Soldier</li>
      </defaultOutfitTags>
      <wornGraphicPath>Imp/Gear/Blk/ImperialOfficerUniformB</wornGraphicPath>
      <layers>
        <li>Shell</li>
      </layers>
      <bodyPartGroups>
        <li>Torso</li>
        <li>Arms</li>
        <li>Legs</li>
      </bodyPartGroups>
    </apparel>
    <colorGenerator Class="ColorGenerator_Options">
      <options>
        <li>
          <weight>6</weight>
          <only>RGBA(1,1,1,1)</only>
        </li>
      </options>
    </colorGenerator>
  </ThingDef>
  <ThingDef ParentName="ApparelMakeableBase">
    <defName>PJ_ImpUniformGrnSHELL</defName>
    <label>Imperial Navy Uniform(Outer-Green)</label>
    <techLevel>Spacer</techLevel>
    <description>The uniform worn by the martial forces of the Galactic Empire. This version is usually worn by mid-to-upper-ranking officers assigned to capitol ships or stations.</description>
    <graphicData>
      <texPath>Imp/Gear/Grn/ImperialOfficerUniform</texPath>
      <graphicClass>Graphic_Single</graphicClass>
    </graphicData>
    <statBases>
      <Mass>1</Mass>
      <MaxHitPoints>350</MaxHitPoints>
      <MarketValue>100</MarketValue>
      <ArmorRating_Blunt>0.3</ArmorRating_Blunt>
      <ArmorRating_Sharp>0.3</ArmorRating_Sharp>
      <ArmorRating_Heat>0.3</ArmorRating_Heat>
      <Insulation_Cold>5</Insulation_Cold>
      <Insulation_Heat>5</Insulation_Heat>
    </statBases>
    <costList>
      <Steel>8</Steel>
      <Cloth>120</Cloth>
    </costList>
    <thingCategories>
      <li>Apparel</li>
    </thingCategories>
    <apparel>
      <tags>
        <li>PJ_Imp</li>
      </tags>
      <defaultOutfitTags>
        <li>Worker</li>
        <li>Soldier</li>
      </defaultOutfitTags>
      <wornGraphicPath>Imp/Gear/Grn/ImperialOfficerUniform</wornGraphicPath>
      <layers>
        <li>Shell</li>
      </layers>
      <bodyPartGroups>
        <li>Torso</li>
        <li>Arms</li>
        <li>Legs</li>
      </bodyPartGroups>
    </apparel>
    <colorGenerator Class="ColorGenerator_Options">
      <options>
        <li>
          <weight>6</weight>
          <only>RGBA(1,1,1,1)</only>
        </li>
      </options>
    </colorGenerator>
  </ThingDef>
  <ThingDef ParentName="ApparelMakeableBase">
    <defName>PJ_ImpUniformBrownSHELL</defName>
    <label>Imperial Navy Uniform(Outer-Brown)</label>
    <techLevel>Spacer</techLevel>
    <description>The uniform worn by the martial forces of the Galactic Empire. This version is usually worn by low-ranking officers assigned to capitol ships or stations.</description>
    <graphicData>
      <texPath>Imp/Gear/Brn/ImperialBaseOfficerUniform</texPath>
      <graphicClass>Graphic_Single</graphicClass>
    </graphicData>
    <statBases>
      <Mass>1</Mass>
      <MaxHitPoints>350</MaxHitPoints>
      <MarketValue>100</MarketValue>
      <ArmorRating_Blunt>0.3</ArmorRating_Blunt>
      <ArmorRating_Sharp>0.3</ArmorRating_Sharp>
      <ArmorRating_Heat>0.3</ArmorRating_Heat>
      <Insulation_Cold>5</Insulation_Cold>
      <Insulation_Heat>5</Insulation_Heat>
    </statBases>
    <costList>
      <Steel>8</Steel>
      <Cloth>120</Cloth>
    </costList>
    <thingCategories>
      <li>Apparel</li>
    </thingCategories>
    <apparel>
      <tags>
        <li>PJ_Imp</li>
      </tags>
      <defaultOutfitTags>
        <li>Worker</li>
        <li>Soldier</li>
      </defaultOutfitTags>
      <wornGraphicPath>Imp/Gear/Brn/ImperialBaseOfficerUniform</wornGraphicPath>
      <layers>
        <li>Shell</li>
      </layers>
      <bodyPartGroups>
        <li>Torso</li>
        <li>Arms</li>
        <li>Legs</li>
      </bodyPartGroups>
    </apparel>
    <colorGenerator Class="ColorGenerator_Options">
      <options>
        <li>
          <weight>6</weight>
          <only>RGBA(1,1,1,1)</only>
        </li>
      </options>
    </colorGenerator>
  </ThingDef>
  <ThingDef ParentName="ApparelMakeableBase">
    <defName>PJ_ImpUniformISBSHELL</defName>
    <label>Imperial ISB Uniform(Outer)</label>
    <techLevel>Spacer</techLevel>
    <description>The Imperial Security Bureau was formed by Galactic Emperor Palpatine himself as a secret police organization, dedicated to rooting out enemies of the New Order and maintaining stability throughout Imperial territories shortly after the proclamation of the New Order. Within fourteen years, the organization grew from a handful of agents into an organization double the size of Imperial Intelligence.</description>
    <graphicData>
      <texPath>Imp/Gear/ISB/ISBOfficerUniform</texPath>
      <graphicClass>Graphic_Single</graphicClass>
    </graphicData>
    <statBases>
      <Mass>1</Mass>
      <MaxHitPoints>350</MaxHitPoints>
      <MarketValue>100</MarketValue>
      <ArmorRating_Blunt>0.3</ArmorRating_Blunt>
      <ArmorRating_Sharp>0.3</ArmorRating_Sharp>
      <ArmorRating_Heat>0.3</ArmorRating_Heat>
      <Insulation_Cold>5</Insulation_Cold>
      <Insulation_Heat>5</Insulation_Heat>
    </statBases>
    <costList>
      <Steel>8</Steel>
      <Cloth>120</Cloth>
    </costList>
    <thingCategories>
      <li>Apparel</li>
    </thingCategories>
    <apparel>
      <tags>
        <li>PJ_Imp</li>
      </tags>
      <defaultOutfitTags>
        <li>Worker</li>
        <li>Soldier</li>
      </defaultOutfitTags>
      <wornGraphicPath>Imp/Gear/ISB/ISBOfficerUniform</wornGraphicPath>
      <layers>
        <li>Shell</li>
      </layers>
      <bodyPartGroups>
        <li>Torso</li>
        <li>Arms</li>
        <li>Legs</li>
      </bodyPartGroups>
    </apparel>
    <colorGenerator Class="ColorGenerator_Options">
      <options>
        <li>
          <weight>6</weight>
          <only>RGBA(1,1,1,1)</only>
        </li>
      </options>
    </colorGenerator>
  </ThingDef>
  <!-- ====== Armors ====== -->
  <ThingDef ParentName="ArmorPJMachineableBase">
    <defName>PJ_TroopArmor</defName>
    <label>Stormtrooper armor</label>
    <techLevel>Spacer</techLevel>
    <description>Stormtrooper armor was the standard armor worn by the Imperial stormtrooper. A white plastoid composite worn over a black body glove, the armor represented some of the best in the Empire and was dreaded by rebel freedom fighters.</description>
    <graphicData>
      <texPath>Imp/Gear/St/STArmor</texPath>
      <graphicClass>Graphic_Single</graphicClass>
    </graphicData>
    <recipeMaker>
      <unfinishedThingDef>UnfinishedTechArmor</unfinishedThingDef>
      <researchPrerequisite>PoweredArmor</researchPrerequisite>
    </recipeMaker>
    <costList>
      <Steel>8</Steel>
      <Plasteel>120</Plasteel>
      <ComponentIndustrial>12</ComponentIndustrial>
    </costList>
    <statBases>
      <Mass>14</Mass>
      <WorkToMake>159000</WorkToMake>
      <MaxHitPoints>500</MaxHitPoints>
      <MarketValue>4050</MarketValue>
      <ArmorRating_Blunt>0.35</ArmorRating_Blunt>
      <ArmorRating_Sharp>1.72</ArmorRating_Sharp>
      <ArmorRating_Heat>0.84</ArmorRating_Heat>
      <Insulation_Cold>45</Insulation_Cold>
      <Insulation_Heat>45</Insulation_Heat>
    </statBases>
    <thingCategories>
      <li>Apparel</li>
    </thingCategories>
    <apparel>
      <tags>
        <li>PJ_Imp</li>
      </tags>
      <wornGraphicPath>Imp/Gear/St/STArmor</wornGraphicPath>
      <layers>
        <li>Middle</li>
        <li>Shell</li>
      </layers>
      <bodyPartGroups>
        <li>Torso</li>
        <li>Arms</li>
        <li>Legs</li>
      </bodyPartGroups>
      <defaultOutfitTags>
        <li>Soldier</li>
      </defaultOutfitTags>
    </apparel>
  </ThingDef>
  <ThingDef ParentName="ArmorPJMachineableBase">
    <defName>PJ_TroopArmorJO</defName>
    <label>Stormtrooper armor(JO)</label>
    <techLevel>Spacer</techLevel>
    <description>Stormtrooper armor was the standard armor worn by the Imperial stormtrooper. A white plastoid composite worn over a black body glove, the armor represented some of the best in the Empire and was dreaded by rebel freedom fighters.</description>
    <graphicData>
      <texPath>Imp/Gear/Stjo/STJOArmor</texPath>
      <graphicClass>Graphic_Single</graphicClass>
    </graphicData>
    <recipeMaker>
      <unfinishedThingDef>UnfinishedTechArmor</unfinishedThingDef>
      <researchPrerequisite>PoweredArmor</researchPrerequisite>
    </recipeMaker>
    <costList>
      <Steel>8</Steel>
      <Plasteel>120</Plasteel>
      <ComponentIndustrial>12</ComponentIndustrial>
    </costList>
    <statBases>
      <Mass>14</Mass>
      <WorkToMake>159000</WorkToMake>
      <MaxHitPoints>500</MaxHitPoints>
      <MarketValue>4050</MarketValue>
      <ArmorRating_Blunt>0.35</ArmorRating_Blunt>
      <ArmorRating_Sharp>1.72</ArmorRating_Sharp>
      <ArmorRating_Heat>0.84</ArmorRating_Heat>
      <Insulation_Cold>45</Insulation_Cold>
      <Insulation_Heat>45</Insulation_Heat>
    </statBases>
    <thingCategories>
      <li>Apparel</li>
    </thingCategories>
    <apparel>
      <tags>
        <li>PJ_Imp</li>
      </tags>
      <wornGraphicPath>Imp/Gear/Stjo/STJOArmor</wornGraphicPath>
      <layers>
        <li>Shell</li>
      </layers>
      <bodyPartGroups>
        <li>Torso</li>
        <li>Arms</li>
        <li>Legs</li>
      </bodyPartGroups>
      <defaultOutfitTags>
        <li>Soldier</li>
      </defaultOutfitTags>
    </apparel>
  </ThingDef>
  <ThingDef ParentName="ArmorPJMachineableBase">
    <defName>PJ_TroopArmorNCO</defName>
    <label>Stormtrooper armor(NCO)</label>
    <techLevel>Spacer</techLevel>
    <description>Stormtrooper armor was the standard armor worn by the Imperial stormtrooper. A white plastoid composite worn over a black body glove, the armor represented some of the best in the Empire and was dreaded by rebel freedom fighters.</description>
    <graphicData>
      <texPath>Imp/Gear/Stnco/STNCOArmor</texPath>
      <graphicClass>Graphic_Single</graphicClass>
    </graphicData>
    <recipeMaker>
      <unfinishedThingDef>UnfinishedTechArmor</unfinishedThingDef>
      <researchPrerequisite>PoweredArmor</researchPrerequisite>
    </recipeMaker>
    <costList>
      <Steel>8</Steel>
      <Plasteel>120</Plasteel>
      <ComponentIndustrial>12</ComponentIndustrial>
    </costList>
    <statBases>
      <Mass>14</Mass>
      <WorkToMake>159000</WorkToMake>
      <MaxHitPoints>500</MaxHitPoints>
      <MarketValue>4050</MarketValue>
      <ArmorRating_Blunt>0.35</ArmorRating_Blunt>
      <ArmorRating_Sharp>1.72</ArmorRating_Sharp>
      <ArmorRating_Heat>0.84</ArmorRating_Heat>
      <Insulation_Cold>45</Insulation_Cold>
      <Insulation_Heat>45</Insulation_Heat>
    </statBases>
    <thingCategories>
      <li>Apparel</li>
    </thingCategories>
    <apparel>
      <tags>
        <li>PJ_Imp</li>
      </tags>
      <wornGraphicPath>Imp/Gear/Stnco/STNCOArmor</wornGraphicPath>
      <layers>
        <li>Shell</li>
      </layers>
      <bodyPartGroups>
        <li>Torso</li>
        <li>Arms</li>
        <li>Legs</li>
      </bodyPartGroups>
      <defaultOutfitTags>
        <li>Soldier</li>
      </defaultOutfitTags>
    </apparel>
  </ThingDef>
  <ThingDef ParentName="ArmorPJMachineableBase">
    <defName>PJ_TroopArmorSO</defName>
    <label>Stormtrooper armor(SO)</label>
    <techLevel>Spacer</techLevel>
    <description>Stormtrooper armor was the standard armor worn by the Imperial stormtrooper. A white plastoid composite worn over a black body glove, the armor represented some of the best in the Empire and was dreaded by rebel freedom fighters.</description>
    <graphicData>
      <texPath>Imp/Gear/Stso/STSOArmor</texPath>
      <graphicClass>Graphic_Single</graphicClass>
    </graphicData>
    <recipeMaker>
      <unfinishedThingDef>UnfinishedTechArmor</unfinishedThingDef>
      <researchPrerequisite>PoweredArmor</researchPrerequisite>
    </recipeMaker>
    <costList>
      <Steel>8</Steel>
      <Plasteel>120</Plasteel>
      <ComponentIndustrial>12</ComponentIndustrial>
    </costList>
    <statBases>
      <Mass>14</Mass>
      <WorkToMake>159000</WorkToMake>
      <MaxHitPoints>500</MaxHitPoints>
      <MarketValue>4050</MarketValue>
      <ArmorRating_Blunt>0.35</ArmorRating_Blunt>
      <ArmorRating_Sharp>1.72</ArmorRating_Sharp>
      <ArmorRating_Heat>0.84</ArmorRating_Heat>
      <Insulation_Cold>45</Insulation_Cold>
      <Insulation_Heat>45</Insulation_Heat>
    </statBases>
    <thingCategories>
      <li>Apparel</li>
    </thingCategories>
    <apparel>
      <tags>
        <li>PJ_Imp</li>
      </tags>
      <wornGraphicPath>Imp/Gear/Stso/STSOArmor</wornGraphicPath>
      <layers>
        <li>Shell</li>
      </layers>
      <bodyPartGroups>
        <li>Torso</li>
        <li>Arms</li>
        <li>Legs</li>
      </bodyPartGroups>
      <defaultOutfitTags>
        <li>Soldier</li>
      </defaultOutfitTags>
    </apparel>
  </ThingDef>
  <ThingDef ParentName="ArmorPJMachineableBase">
    <defName>PJ_TroopArmorSh</defName>
    <label>Shoretrooper armor</label>
    <techLevel>Spacer</techLevel>
    <description>Stormtrooper armor was the standard armor worn by the Imperial stormtrooper. A white plastoid composite worn over a black body glove, the armor represented some of the best in the Empire and was dreaded by rebel freedom fighters.</description>
    <graphicData>
      <texPath>Imp/Gear/Sh/ShoreArmor</texPath>
      <graphicClass>Graphic_Single</graphicClass>
    </graphicData>
    <recipeMaker>
      <unfinishedThingDef>UnfinishedTechArmor</unfinishedThingDef>
      <researchPrerequisite>PoweredArmor</researchPrerequisite>
    </recipeMaker>
    <costList>
      <Steel>8</Steel>
      <Plasteel>120</Plasteel>
      <ComponentIndustrial>12</ComponentIndustrial>
    </costList>
    <statBases>
      <Mass>14</Mass>
      <WorkToMake>159000</WorkToMake>
      <MaxHitPoints>500</MaxHitPoints>
      <MarketValue>4050</MarketValue>
      <ArmorRating_Blunt>0.35</ArmorRating_Blunt>
      <ArmorRating_Sharp>1.72</ArmorRating_Sharp>
      <ArmorRating_Heat>0.84</ArmorRating_Heat>
      <Insulation_Cold>45</Insulation_Cold>
      <Insulation_Heat>45</Insulation_Heat>
    </statBases>
    <thingCategories>
      <li>Apparel</li>
    </thingCategories>
    <apparel>
      <tags>
        <li>PJ_Imp</li>
      </tags>
      <wornGraphicPath>Imp/Gear/Sh/ShoreArmor</wornGraphicPath>
      <layers>
        <li>Shell</li>
      </layers>
      <bodyPartGroups>
        <li>Torso</li>
        <li>Arms</li>
        <li>Legs</li>
      </bodyPartGroups>
      <defaultOutfitTags>
        <li>Soldier</li>
      </defaultOutfitTags>
    </apparel>
  </ThingDef>
  <ThingDef ParentName="ArmorPJMachineableBase">
    <defName>PJ_TroopArmorShC</defName>
    <label>Shoretrooper armor(Cpt)</label>
    <techLevel>Spacer</techLevel>
    <description>Stormtrooper armor was the standard armor worn by the Imperial stormtrooper. A white plastoid composite worn over a black body glove, the armor represented some of the best in the Empire and was dreaded by rebel freedom fighters. This is a captain's variant.</description>
    <graphicData>
      <texPath>Imp/Gear/ShC/ShoreCPTArmor</texPath>
      <graphicClass>Graphic_Single</graphicClass>
    </graphicData>
    <recipeMaker>
      <unfinishedThingDef>UnfinishedTechArmor</unfinishedThingDef>
      <researchPrerequisite>PoweredArmor</researchPrerequisite>
    </recipeMaker>
    <costList>
      <Steel>8</Steel>
      <Plasteel>120</Plasteel>
      <ComponentIndustrial>12</ComponentIndustrial>
    </costList>
    <statBases>
      <Mass>14</Mass>
      <WorkToMake>159000</WorkToMake>
      <MaxHitPoints>500</MaxHitPoints>
      <MarketValue>4050</MarketValue>
      <ArmorRating_Blunt>0.35</ArmorRating_Blunt>
      <ArmorRating_Sharp>1.72</ArmorRating_Sharp>
      <ArmorRating_Heat>0.84</ArmorRating_Heat>
      <Insulation_Cold>45</Insulation_Cold>
      <Insulation_Heat>45</Insulation_Heat>
    </statBases>
    <thingCategories>
      <li>Apparel</li>
    </thingCategories>
    <apparel>
      <tags>
        <li>PJ_Imp</li>
      </tags>
      <wornGraphicPath>Imp/Gear/ShC/ShoreCPTArmor</wornGraphicPath>
      <layers>
        <li>Shell</li>
      </layers>
      <bodyPartGroups>
        <li>Torso</li>
        <li>Arms</li>
        <li>Legs</li>
      </bodyPartGroups>
      <defaultOutfitTags>
        <li>Soldier</li>
      </defaultOutfitTags>
    </apparel>
  </ThingDef>
  <ThingDef ParentName="ArmorPJMachineableBase">
    <defName>PJ_TroopArmorShSL</defName>
    <label>Shoretrooper armor(SL)</label>
    <techLevel>Spacer</techLevel>
    <description>Stormtrooper armor was the standard armor worn by the Imperial stormtrooper. A white plastoid composite worn over a black body glove, the armor represented some of the best in the Empire and was dreaded by rebel freedom fighters.</description>
    <graphicData>
      <texPath>Imp/Gear/ShSL/ShoreSLArmor</texPath>
      <graphicClass>Graphic_Single</graphicClass>
    </graphicData>
    <recipeMaker>
      <unfinishedThingDef>UnfinishedTechArmor</unfinishedThingDef>
      <researchPrerequisite>PoweredArmor</researchPrerequisite>
    </recipeMaker>
    <costList>
      <Steel>8</Steel>
      <Plasteel>120</Plasteel>
      <ComponentIndustrial>12</ComponentIndustrial>
    </costList>
    <statBases>
      <Mass>14</Mass>
      <WorkToMake>159000</WorkToMake>
      <MaxHitPoints>500</MaxHitPoints>
      <MarketValue>4050</MarketValue>
      <ArmorRating_Blunt>0.35</ArmorRating_Blunt>
      <ArmorRating_Sharp>1.72</ArmorRating_Sharp>
      <ArmorRating_Heat>0.4</ArmorRating_Heat>
      <Insulation_Cold>45</Insulation_Cold>
      <Insulation_Heat>45</Insulation_Heat>
    </statBases>
    <thingCategories>
      <li>Apparel</li>
    </thingCategories>
    <apparel>
      <tags>
        <li>PJ_Imp</li>
      </tags>
      <wornGraphicPath>Imp/Gear/ShSL/ShoreSLArmor</wornGraphicPath>
      <layers>
        <li>Shell</li>
      </layers>
      <bodyPartGroups>
        <li>Torso</li>
        <li>Arms</li>
        <li>Legs</li>
      </bodyPartGroups>
      <defaultOutfitTags>
        <li>Soldier</li>
      </defaultOutfitTags>
    </apparel>
  </ThingDef>
  <ThingDef ParentName="ArmorPJMachineableBase">
    <defName>PJ_TroopArmorDT</defName>
    <label>Deathtrooper armor</label>
    <techLevel>Spacer</techLevel>
    <description>Stormtrooper armor was the standard armor worn by the Imperial stormtrooper. A white plastoid composite worn over a black body glove, the armor represented some of the best in the Empire and was dreaded by rebel freedom fighters. This black variant is used by troopers attatched to the ISB.</description>
    <graphicData>
      <texPath>Imp/Gear/Dt/DTArmor</texPath>
      <graphicClass>Graphic_Single</graphicClass>
    </graphicData>
    <recipeMaker>
      <unfinishedThingDef>UnfinishedTechArmor</unfinishedThingDef>
      <researchPrerequisite>PoweredArmor</researchPrerequisite>
    </recipeMaker>
    <costList>
      <Steel>8</Steel>
      <Plasteel>120</Plasteel>
      <ComponentIndustrial>12</ComponentIndustrial>
    </costList>
    <statBases>
      <Mass>14</Mass>
      <WorkToMake>159000</WorkToMake>
      <MaxHitPoints>500</MaxHitPoints>
      <MarketValue>4250</MarketValue>
      <ArmorRating_Blunt>0.37</ArmorRating_Blunt>
      <ArmorRating_Sharp>1.73</ArmorRating_Sharp>
      <ArmorRating_Heat>0.43</ArmorRating_Heat>
      <Insulation_Cold>46</Insulation_Cold>
      <Insulation_Heat>46</Insulation_Heat>
    </statBases>
    <thingCategories>
      <li>Apparel</li>
    </thingCategories>
    <apparel>
      <tags>
        <li>PJ_DT</li>
      </tags>
      <wornGraphicPath>Imp/Gear/Dt/DTArmor</wornGraphicPath>
      <layers>
        <li>Shell</li>
      </layers>
      <bodyPartGroups>
        <li>Torso</li>
        <li>Arms</li>
        <li>Legs</li>
      </bodyPartGroups>
      <defaultOutfitTags>
        <li>Soldier</li>
      </defaultOutfitTags>
    </apparel>
  </ThingDef>
  <ThingDef ParentName="ArmorPJMachineableBase">
    <defName>PJ_TroopArmorDTC</defName>
    <label>Deathtrooper armor(Cmd)</label>
    <techLevel>Spacer</techLevel>
    <description>Stormtrooper armor was the standard armor worn by the Imperial stormtrooper. A white plastoid composite worn over a black body glove, the armor represented some of the best in the Empire and was dreaded by rebel freedom fighters. This black variant is used by troopers attatched to the ISB.</description>
    <graphicData>
      <texPath>Imp/Gear/DtC/DTCOMArmor</texPath>
      <graphicClass>Graphic_Single</graphicClass>
    </graphicData>
    <recipeMaker>
      <unfinishedThingDef>UnfinishedTechArmor</unfinishedThingDef>
      <researchPrerequisite>PoweredArmor</researchPrerequisite>
    </recipeMaker>
    <costList>
      <Steel>8</Steel>
      <Plasteel>120</Plasteel>
      <ComponentIndustrial>12</ComponentIndustrial>
    </costList>
    <statBases>
      <Mass>14</Mass>
      <WorkToMake>159000</WorkToMake>
      <MaxHitPoints>500</MaxHitPoints>
      <MarketValue>4350</MarketValue>
      <ArmorRating_Blunt>0.37</ArmorRating_Blunt>
      <ArmorRating_Sharp>1.73</ArmorRating_Sharp>
      <ArmorRating_Heat>0.43</ArmorRating_Heat>
      <Insulation_Cold>46</Insulation_Cold>
      <Insulation_Heat>46</Insulation_Heat>
    </statBases>
    <thingCategories>
      <li>Apparel</li>
    </thingCategories>
    <apparel>
      <tags>
        <li>PJ_DT</li>
      </tags>
      <wornGraphicPath>Imp/Gear/DtC/DTCOMArmor</wornGraphicPath>
      <layers>
        <li>Shell</li>
      </layers>
      <bodyPartGroups>
        <li>Torso</li>
        <li>Arms</li>
        <li>Legs</li>
      </bodyPartGroups>
      <defaultOutfitTags>
        <li>Soldier</li>
      </defaultOutfitTags>
    </apparel>
  </ThingDef>
  <!-- ====== Helmets ====== -->
  <ThingDef ParentName="ArmorPJHelmetMakeableBase">
    <defName>PJ_STHelm</defName>
    <label>Stormtrooper helm</label>
    <techLevel>Spacer</techLevel>
    <description>A standard-issue stormtrooper helmet.</description>
    <graphicData>
      <texPath>Imp/Helmet/StormTrooperHelmet</texPath>
      <graphicClass>Graphic_Single</graphicClass>
    </graphicData>
    <recipeMaker>
      <unfinishedThingDef>UnfinishedTechArmor</unfinishedThingDef>
      <researchPrerequisite>PoweredArmor</researchPrerequisite>
    </recipeMaker>
    <costList>
      <Steel>4</Steel>
      <Plasteel>60</Plasteel>
      <ComponentIndustrial>6</ComponentIndustrial>
    </costList>
    <statBases>
      <Mass>2.4</Mass>
      <WorkToMake>32000</WorkToMake>
      <MaxHitPoints>450</MaxHitPoints>
      <MarketValue>800</MarketValue>
      <ArmorRating_Blunt>0.38</ArmorRating_Blunt>
      <ArmorRating_Sharp>1.72</ArmorRating_Sharp>
      <ArmorRating_Heat>0.4</ArmorRating_Heat>
      <Insulation_Cold>25</Insulation_Cold>
      <Insulation_Heat>25</Insulation_Heat>
    </statBases>
    <apparel>
      <defaultOutfitTags>
        <li>Soldier</li>
      </defaultOutfitTags>
      <tags>
        <li>PJ_Imp</li>
      </tags>
      <wornGraphicPath>Imp/Helmet/StormTrooperHelmet</wornGraphicPath>
      <layers>
        <li>Overhead</li>
      </layers>
      <bodyPartGroups>
        <li>FullHead</li>
      </bodyPartGroups>
    </apparel>
  </ThingDef>
  <ThingDef ParentName="ArmorPJHelmetMakeableBase">
    <defName>PJ_SHHelm</defName>
    <label>Shoretrooper helm</label>
    <techLevel>Spacer</techLevel>
    <description>A stormtrooper helmet designed for beach landings.</description>
    <graphicData>
      <texPath>Imp/Helmet/ShHelmet</texPath>
      <graphicClass>Graphic_Single</graphicClass>
    </graphicData>
    <recipeMaker>
      <unfinishedThingDef>UnfinishedTechArmor</unfinishedThingDef>
      <researchPrerequisite>PoweredArmor</researchPrerequisite>
    </recipeMaker>
    <costList>
      <Steel>4</Steel>
      <Plasteel>60</Plasteel>
      <ComponentIndustrial>6</ComponentIndustrial>
    </costList>
    <statBases>
      <Mass>2.4</Mass>
      <WorkToMake>32000</WorkToMake>
      <MaxHitPoints>450</MaxHitPoints>
      <MarketValue>800</MarketValue>
      <ArmorRating_Blunt>0.38</ArmorRating_Blunt>
      <ArmorRating_Sharp>1.72</ArmorRating_Sharp>
      <ArmorRating_Heat>0.4</ArmorRating_Heat>
      <Insulation_Cold>25</Insulation_Cold>
      <Insulation_Heat>25</Insulation_Heat>
    </statBases>
    <apparel>
      <defaultOutfitTags>
        <li>Soldier</li>
      </defaultOutfitTags>
      <tags>
        <li>PJ_Imp</li>
      </tags>
      <wornGraphicPath>Imp/Helmet/ShHelmet</wornGraphicPath>
      <layers>
        <li>Overhead</li>
      </layers>
      <bodyPartGroups>
        <li>FullHead</li>
      </bodyPartGroups>
    </apparel>
  </ThingDef>
  <ThingDef ParentName="ArmorPJHelmetMakeableBase">
    <defName>PJ_DTHelm</defName>
    <label>Stormtrooper helm</label>
    <techLevel>Spacer</techLevel>
    <description>A stormtrooper helmet variant for ISB troopers.</description>
    <graphicData>
      <texPath>Imp/Helmet/DTHelmet</texPath>
      <graphicClass>Graphic_Single</graphicClass>
    </graphicData>
    <recipeMaker>
      <unfinishedThingDef>UnfinishedTechArmor</unfinishedThingDef>
      <researchPrerequisite>PoweredArmor</researchPrerequisite>
    </recipeMaker>
    <costList>
      <Steel>4</Steel>
      <Plasteel>60</Plasteel>
      <ComponentIndustrial>6</ComponentIndustrial>
    </costList>
    <statBases>
      <Mass>2.4</Mass>
      <WorkToMake>32000</WorkToMake>
      <MaxHitPoints>450</MaxHitPoints>
      <MarketValue>900</MarketValue>
      <ArmorRating_Blunt>0.39</ArmorRating_Blunt>
      <ArmorRating_Sharp>1.73</ArmorRating_Sharp>
      <ArmorRating_Heat>0.43</ArmorRating_Heat>
      <Insulation_Cold>26</Insulation_Cold>
      <Insulation_Heat>26</Insulation_Heat>
    </statBases>
    <apparel>
      <defaultOutfitTags>
        <li>Soldier</li>
      </defaultOutfitTags>
      <tags>
        <li>PJ_DT</li>
      </tags>
      <wornGraphicPath>Imp/Helmet/DTHelmet</wornGraphicPath>
      <layers>
        <li>Overhead</li>
      </layers>
      <bodyPartGroups>
        <li>FullHead</li>
      </bodyPartGroups>
    </apparel>
  </ThingDef>
  <ThingDef ParentName="ArmorPJHelmetMakeableBase">
    <defName>PJ_SCTHelm</defName>
    <label>Scout trooper helmet</label>
    <techLevel>Spacer</techLevel>
    <description>A stormtrooper helmet specialized for scouting duty.</description>
    <graphicData>
      <texPath>Imp/Helmet/ScouttrooperHelmet</texPath>
      <graphicClass>Graphic_Single</graphicClass>
    </graphicData>
    <recipeMaker>
      <unfinishedThingDef>UnfinishedTechArmor</unfinishedThingDef>
      <researchPrerequisite>PoweredArmor</researchPrerequisite>
    </recipeMaker>
    <costList>
      <Steel>4</Steel>
      <Plasteel>60</Plasteel>
      <ComponentIndustrial>6</ComponentIndustrial>
    </costList>
    <statBases>
      <Mass>2.4</Mass>
      <WorkToMake>32000</WorkToMake>
      <MaxHitPoints>450</MaxHitPoints>
      <MarketValue>820</MarketValue>
      <ArmorRating_Blunt>0.25</ArmorRating_Blunt>
      <ArmorRating_Sharp>1.72</ArmorRating_Sharp>
      <ArmorRating_Heat>0.4</ArmorRating_Heat>
      <Insulation_Cold>25</Insulation_Cold>
      <Insulation_Heat>25</Insulation_Heat>
    </statBases>
    <apparel>
      <defaultOutfitTags>
        <li>Soldier</li>
      </defaultOutfitTags>
      <tags>
        <li>PJ_Imp</li>
      </tags>
      <wornGraphicPath>Imp/Helmet/ScouttrooperHelmet</wornGraphicPath>
      <layers>
        <li>Overhead</li>
      </layers>
      <bodyPartGroups>
        <li>FullHead</li>
      </bodyPartGroups>
    </apparel>
  </ThingDef>
  <ThingDef ParentName="ArmorPJHelmetMakeableBase">
    <defName>PJ_TIEHelm</defName>
    <label>TIE pilot helmet</label>
    <techLevel>Spacer</techLevel>
    <description>A specialized helmet worn by TIE pilots in the Imperial Navy. It is very well insulated, and outfitted for portable oxygen hookups, since the TIE series generally have no on-board life support.</description>
    <graphicData>
      <texPath>Imp/Helmet/TieHelm</texPath>
      <graphicClass>Graphic_Single</graphicClass>
    </graphicData>
    <recipeMaker>
      <unfinishedThingDef>UnfinishedTechArmor</unfinishedThingDef>
      <researchPrerequisite>PoweredArmor</researchPrerequisite>
    </recipeMaker>
    <costList>
      <Steel>4</Steel>
      <Plasteel>60</Plasteel>
      <ComponentIndustrial>6</ComponentIndustrial>
    </costList>
    <statBases>
      <Mass>2.4</Mass>
      <WorkToMake>32000</WorkToMake>
      <MaxHitPoints>450</MaxHitPoints>
      <MarketValue>1220</MarketValue>
      <ArmorRating_Blunt>0.25</ArmorRating_Blunt>
      <ArmorRating_Sharp>1.72</ArmorRating_Sharp>
      <ArmorRating_Heat>0.4</ArmorRating_Heat>
      <Insulation_Cold>55</Insulation_Cold>
      <Insulation_Heat>25</Insulation_Heat>
    </statBases>
    <apparel>
      <defaultOutfitTags>
        <li>Soldier</li>
      </defaultOutfitTags>
      <tags>
        <li>PJ_Imp</li>
      </tags>
      <wornGraphicPath>Imp/Helmet/TieHelm</wornGraphicPath>
      <layers>
        <li>Overhead</li>
      </layers>
      <bodyPartGroups>
        <li>FullHead</li>
      </bodyPartGroups>
    </apparel>
  </ThingDef>
  <ThingDef ParentName="HatMakeableBase">
    <defName>PJ_ImpNavyH</defName>
    <label>Imperial Navy Helm</label>
    <description>The helmet worn by low ranking command and technical personnel of the Imperial forces.</description>
    <techLevel>Spacer</techLevel>
    <graphicData>
      <texPath>Imp/Helmet/NavyHelmet</texPath>
      <graphicClass>Graphic_Single</graphicClass>
    </graphicData>
    <statBases>
      <Mass>1.0</Mass>
      <MarketValue>250</MarketValue>
      <WorkToMake>500</WorkToMake>
      <MaxHitPoints>350</MaxHitPoints>
      <ArmorRating_Blunt>0.25</ArmorRating_Blunt>
      <ArmorRating_Sharp>0.70</ArmorRating_Sharp>
      <ArmorRating_Heat>0.2</ArmorRating_Heat>
      <Insulation_Cold>14</Insulation_Cold>
      <Insulation_Heat>16</Insulation_Heat>
    </statBases>
    <costList>
      <Steel>20</Steel>
    </costList>
    <equippedStatOffsets>
      <ShootingAccuracyPawn>0.02</ShootingAccuracyPawn>
      <AimingDelayFactor>-0.01</AimingDelayFactor>
      <NegotiationAbility>0.01</NegotiationAbility>
      <SocialImpact>0.05</SocialImpact>
    </equippedStatOffsets>
    <apparel>
      <bodyPartGroups>
        <li>FullHead</li>
      </bodyPartGroups>
      <wornGraphicPath>Imp/Helmet/NavyHelmet</wornGraphicPath>
      <layers>
        <li>Overhead</li>
      </layers>
      <defaultOutfitTags>
        <li>Soldier</li>
      </defaultOutfitTags>
      <tags>
        <li>PJ_Imp</li>
      </tags>
    </apparel>
  </ThingDef>
  <!-- ======      Hats      ====== -->
  <ThingDef ParentName="HatMakeableBase">
    <defName>PJ_ImpHat</defName>
    <label>Imperial Command Cap</label>
    <description>The command cap worn by officers of the Imperial forces.</description>
    <techLevel>Spacer</techLevel>
    <graphicData>
      <texPath>Imp/Helmet/OfficerHat</texPath>
      <graphicClass>Graphic_Single</graphicClass>
    </graphicData>
    <statBases>
      <Mass>1.0</Mass>
      <MarketValue>250</MarketValue>
      <WorkToMake>500</WorkToMake>
      <MaxHitPoints>350</MaxHitPoints>
      <ArmorRating_Blunt>0.15</ArmorRating_Blunt>
      <ArmorRating_Sharp>0.16</ArmorRating_Sharp>
      <ArmorRating_Heat>0.2</ArmorRating_Heat>
      <Insulation_Cold>14</Insulation_Cold>
      <Insulation_Heat>16</Insulation_Heat>
    </statBases>
    <costList>
      <Steel>20</Steel>
    </costList>
    <equippedStatOffsets>
      <ShootingAccuracyPawn>0.02</ShootingAccuracyPawn>
      <AimingDelayFactor>-0.01</AimingDelayFactor>
      <NegotiationAbility>0.01</NegotiationAbility>
      <SocialImpact>0.05</SocialImpact>
    </equippedStatOffsets>
    <apparel>
      <bodyPartGroups>
        <li>FullHead</li>
      </bodyPartGroups>
      <wornGraphicPath>Imp/Helmet/OfficerHat</wornGraphicPath>
      <layers>
        <li>Overhead</li>
      </layers>
      <defaultOutfitTags>
        <li>Soldier</li>
      </defaultOutfitTags>
      <tags>
        <li>PJ_Imp</li>
      </tags>
    </apparel>
  </ThingDef>
  <ThingDef ParentName="HatMakeableBase">
    <defName>PJ_ImpSTOHat</defName>
    <label>Imperial Command Cap (Dark)</label>
    <description>The command cap worn by stormtrooper officers, and ISB officers.</description>
    <techLevel>Spacer</techLevel>
    <graphicData>
      <texPath>Imp/Helmet/STOfficerHat</texPath>
      <graphicClass>Graphic_Single</graphicClass>
    </graphicData>
    <statBases>
      <Mass>1.0</Mass>
      <MarketValue>250</MarketValue>
      <WorkToMake>500</WorkToMake>
      <MaxHitPoints>350</MaxHitPoints>
      <ArmorRating_Blunt>0.15</ArmorRating_Blunt>
      <ArmorRating_Sharp>0.10</ArmorRating_Sharp>
      <ArmorRating_Heat>0.2</ArmorRating_Heat>
      <Insulation_Cold>14</Insulation_Cold>
      <Insulation_Heat>16</Insulation_Heat>
    </statBases>
    <costList>
      <Steel>20</Steel>
    </costList>
    <equippedStatOffsets>
      <ShootingAccuracyPawn>0.02</ShootingAccuracyPawn>
      <AimingDelayFactor>-0.01</AimingDelayFactor>
      <NegotiationAbility>0.01</NegotiationAbility>
      <SocialImpact>0.05</SocialImpact>
    </equippedStatOffsets>
    <apparel>
      <bodyPartGroups>
        <li>FullHead</li>
      </bodyPartGroups>
      <wornGraphicPath>Imp/Helmet/STOfficerHat</wornGraphicPath>
      <layers>
        <li>Overhead</li>
      </layers>
      <defaultOutfitTags>
        <li>Soldier</li>
      </defaultOutfitTags>
      <tags>
        <li>PJ_Imp</li>
      </tags>
    </apparel>
  </ThingDef>
  <ThingDef ParentName="HatMakeableBase">
    <defName>PJ_ImpHatBrn</defName>
    <label>Imperial Command Cap</label>
    <description>The command cap worn by officers of the Imperial forces.</description>
    <techLevel>Spacer</techLevel>
    <graphicData>
      <texPath>Imp/Helmet/BaseOfficerHat</texPath>
      <graphicClass>Graphic_Single</graphicClass>
    </graphicData>
    <statBases>
      <Mass>1.0</Mass>
      <MarketValue>250</MarketValue>
      <WorkToMake>500</WorkToMake>
      <MaxHitPoints>350</MaxHitPoints>
      <ArmorRating_Blunt>0.15</ArmorRating_Blunt>
      <ArmorRating_Sharp>0.10</ArmorRating_Sharp>
      <ArmorRating_Heat>0.2</ArmorRating_Heat>
      <Insulation_Cold>14</Insulation_Cold>
      <Insulation_Heat>16</Insulation_Heat>
    </statBases>
    <costList>
      <Steel>20</Steel>
    </costList>
    <equippedStatOffsets>
      <ShootingAccuracyPawn>0.02</ShootingAccuracyPawn>
      <AimingDelayFactor>-0.01</AimingDelayFactor>
      <NegotiationAbility>0.01</NegotiationAbility>
      <SocialImpact>0.05</SocialImpact>
    </equippedStatOffsets>
    <apparel>
      <bodyPartGroups>
        <li>FullHead</li>
      </bodyPartGroups>
      <wornGraphicPath>Imp/Helmet/BaseOfficerHat</wornGraphicPath>
      <layers>
        <li>Overhead</li>
      </layers>
      <defaultOutfitTags>
        <li>Soldier</li>
      </defaultOutfitTags>
      <tags>
        <li>PJ_Imp</li>
      </tags>
    </apparel>
  </ThingDef>
  <ThingDef ParentName="HatMakeableBase">
    <defName>PJ_ImpHatB</defName>
    <label>Imperial Command Cap (Black)</label>
    <description>The command cap worn by officers of the Imperial forces.</description>
    <techLevel>Spacer</techLevel>
    <graphicData>
      <texPath>Imp/Helmet/OfficerHatB</texPath>
      <graphicClass>Graphic_Single</graphicClass>
    </graphicData>
    <statBases>
      <Mass>1.0</Mass>
      <MarketValue>250</MarketValue>
      <WorkToMake>500</WorkToMake>
      <MaxHitPoints>350</MaxHitPoints>
      <ArmorRating_Blunt>0.15</ArmorRating_Blunt>
      <ArmorRating_Sharp>0.10</ArmorRating_Sharp>
      <ArmorRating_Heat>0.2</ArmorRating_Heat>
      <Insulation_Cold>14</Insulation_Cold>
      <Insulation_Heat>16</Insulation_Heat>
    </statBases>
    <costList>
      <Steel>20</Steel>
    </costList>
    <equippedStatOffsets>
      <ShootingAccuracyPawn>0.02</ShootingAccuracyPawn>
      <AimingDelayFactor>-0.01</AimingDelayFactor>
      <NegotiationAbility>0.01</NegotiationAbility>
      <SocialImpact>0.05</SocialImpact>
    </equippedStatOffsets>
    <apparel>
      <bodyPartGroups>
        <li>FullHead</li>
      </bodyPartGroups>
      <wornGraphicPath>Imp/Helmet/OfficerHatB</wornGraphicPath>
      <layers>
        <li>Overhead</li>
      </layers>
      <defaultOutfitTags>
        <li>Soldier</li>
      </defaultOutfitTags>
      <tags>
        <li>PJ_Imp</li>
      </tags>
    </apparel>
  </ThingDef>
  <ThingDef ParentName="ApparelMakeableBase">
    <defName>PJ_Apparel_Pants</defName>
    <label>Uniform pants</label>
    <description>A simple set of uniform pants.</description>
    <recipeMaker>
      <researchPrerequisite>ComplexClothing</researchPrerequisite>
    </recipeMaker>
    <graphicData>
      <texPath>Things/Pawn/Humanlike/Apparel/Pants/Pants</texPath>
      <graphicClass>Graphic_Single</graphicClass>
    </graphicData>
    <costStuffCount>50</costStuffCount>
    <stuffCategories>
      <li>Fabric</li>
      <li>Leathery</li>
    </stuffCategories>
    <thingCategories>
      <li>Apparel</li>
    </thingCategories>
    <statBases>
      <MaxHitPoints>100</MaxHitPoints>
      <WorkToMake>7000</WorkToMake>
      <Mass>0.5</Mass>
      <StuffEffectMultiplierArmor>0.21</StuffEffectMultiplierArmor>
      <StuffEffectMultiplierInsulation_Cold>0.21</StuffEffectMultiplierInsulation_Cold>
      <StuffEffectMultiplierInsulation_Heat>0.085</StuffEffectMultiplierInsulation_Heat>
      <EquipDelay>2</EquipDelay>
    </statBases>
    <apparel>
      <bodyPartGroups>
        <li>Legs</li>
      </bodyPartGroups>
      <layers>
        <li>OnSkin</li>
      </layers>
      <tags>
        <li>PJ_Rebel</li>
        <li>PJ_Imp</li>
        <li>PJ_Scum</li>
        <li>PJ_RebPilot</li>
      </tags>
      <defaultOutfitTags>
        <li>Worker</li>
        <li>Soldier</li>
      </defaultOutfitTags>
    </apparel>
    <colorGenerator Class="ColorGenerator_StandardApparel" />
  </ThingDef>
</Defs>