<?xml version="1.0" encoding="utf-8" ?>
<Defs>

  <BodyPartDef>
    <defName>SWFactions_Thermometer</defName>
    <label>thermometer</label>
    <hitPoints>1</hitPoints>
    <permanentInjuryChanceFactor>0</permanentInjuryChanceFactor>
    <skinCovered>false</skinCovered>
    <solid>true</solid>
    <alive>false</alive>
    <bleedRate>0</bleedRate>
    <frostbiteVulnerability>0.01</frostbiteVulnerability>
  </BodyPartDef>

  <BodyPartDef>
    <defName>SWFactions_Cockpit</defName>
    <label>cockpit</label>
    <hitPoints>40</hitPoints>
    <permanentInjuryChanceFactor>0</permanentInjuryChanceFactor>
    <skinCovered>false</skinCovered>
    <solid>true</solid>
    <alive>false</alive>
    <bleedRate>0</bleedRate>
    <tags>
      <li>SightSource</li>
      <li>HearingSource</li>
      <li>ConsciousnessSource</li>
	    <li>PilotSeat</li>
	    <li>GunnerSeat</li>
	    <li>PassengerSeat</li>
    </tags>
  </BodyPartDef>

   <BodyPartDef>
    <defName>ATST_Neck</defName>
    <label>neck</label>
    <hitPoints>30</hitPoints>
    <permanentInjuryChanceFactor>0</permanentInjuryChanceFactor>
    <skinCovered>false</skinCovered>
    <solid>true</solid>
    <alive>false</alive>
    <bleedRate>0</bleedRate>
    <tags>
      <li>BreathingPathway</li>
      <li>EatingPathway</li>
      <li>TalkingPathway</li>
    </tags>
  </BodyPartDef>

  <BodyPartDef>
    <defName>ATST_Head</defName>
    <label>head</label>
    <hitPoints>30</hitPoints>
    <permanentInjuryChanceFactor>0</permanentInjuryChanceFactor>
    <skinCovered>false</skinCovered>
    <solid>true</solid>
    <alive>false</alive>
    <bleedRate>0</bleedRate>
    <tags>
    <li>ManipulationLimbCore</li>
    </tags>
  </BodyPartDef>

  <BodyPartDef>
    <defName>ATST_Frame</defName>
    <label>frame</label>
    <hitPoints>40</hitPoints>
    <permanentInjuryChanceFactor>0</permanentInjuryChanceFactor>
    <skinCovered>false</skinCovered>
    <solid>true</solid>
    <alive>false</alive>
    <bleedRate>0</bleedRate>
  </BodyPartDef>

<!-- ===== ATAT Parts ===== -->

   <BodyPartDef>
    <defName>ATAT_Neck</defName>
    <label>neck</label>
    <hitPoints>30</hitPoints>
    <permanentInjuryChanceFactor>0</permanentInjuryChanceFactor>
    <bleedRate>0</bleedRate>
    <skinCovered>false</skinCovered>
    <solid>true</solid>
    <alive>false</alive>
    <tags>
      <li>BreathingPathway</li>
      <li>EatingPathway</li>
      <li>TalkingPathway</li>
    </tags>
  </BodyPartDef>

  <BodyPartDef>
    <defName>ATAT_Head</defName>
    <label>head</label>
    <hitPoints>60</hitPoints>
    <permanentInjuryChanceFactor>0</permanentInjuryChanceFactor>
    <bleedRate>0</bleedRate>
    <skinCovered>false</skinCovered>
    <solid>true</solid>
    <alive>false</alive>
    <tags>
    <li>ManipulationLimbCore</li>
    </tags>
  </BodyPartDef>

  <BodyPartDef>
    <defName>ATAT_Frame</defName>
    <label>frame</label>
    <hitPoints>60</hitPoints>
    <permanentInjuryChanceFactor>0</permanentInjuryChanceFactor>
    <bleedRate>0</bleedRate>
    <skinCovered>false</skinCovered>
    <solid>true</solid>
    <alive>false</alive>
  </BodyPartDef>

  <BodyPartDef>
    <defName>LeftATATFLeg</defName>
    <label>left leg</label>
    <hitPoints>30</hitPoints>
    <permanentInjuryChanceFactor>0</permanentInjuryChanceFactor>
    <bleedRate>0</bleedRate>
    <skinCovered>false</skinCovered>
    <solid>true</solid>
    <alive>false</alive>
    <tags>
      <li>MovingLimbCore</li>
    </tags>
  </BodyPartDef>

  <BodyPartDef>
    <defName>LeftATATFFoot</defName>
    <label>left foot</label>
    <hitPoints>20</hitPoints>
    <permanentInjuryChanceFactor>0</permanentInjuryChanceFactor>
    <bleedRate>0</bleedRate>
    <skinCovered>false</skinCovered>
    <solid>true</solid>
    <alive>false</alive>
    <tags>
      <li>MovingLimbSegment</li>
    </tags>
  </BodyPartDef>

  <BodyPartDef>
    <defName>LeftATATRLeg</defName>
    <label>left leg</label>
    <hitPoints>30</hitPoints>
    <permanentInjuryChanceFactor>0</permanentInjuryChanceFactor>
    <bleedRate>0</bleedRate>
    <skinCovered>false</skinCovered>
    <solid>true</solid>
    <alive>false</alive>
    <tags>
      <li>MovingLimbCore</li>
    </tags>
  </BodyPartDef>

  <BodyPartDef>
    <defName>LeftATATRFoot</defName>
    <label>left foot</label>
    <hitPoints>20</hitPoints>
    <permanentInjuryChanceFactor>0</permanentInjuryChanceFactor>
    <bleedRate>0</bleedRate>
    <skinCovered>false</skinCovered>
    <solid>true</solid>
    <alive>false</alive>
    <tags>
      <li>MovingLimbSegment</li>
    </tags>
  </BodyPartDef>

  <BodyPartDef>
    <defName>RightATATFLeg</defName>
    <label>right leg</label>
    <hitPoints>30</hitPoints>
    <permanentInjuryChanceFactor>0</permanentInjuryChanceFactor>
    <bleedRate>0</bleedRate>
    <skinCovered>false</skinCovered>
    <solid>true</solid>
    <alive>false</alive>
    <tags>
      <li>MovingLimbCore</li>
    </tags>
  </BodyPartDef>

  <BodyPartDef>
    <defName>RightATATFFoot</defName>
    <label>right foot</label>
    <hitPoints>20</hitPoints>
    <permanentInjuryChanceFactor>0</permanentInjuryChanceFactor>
    <bleedRate>0</bleedRate>
    <skinCovered>false</skinCovered>
    <solid>true</solid>
    <alive>false</alive>
    <tags>
      <li>MovingLimbSegment</li>
    </tags>
  </BodyPartDef>

   <BodyPartDef>
    <defName>RightATATRLeg</defName>
    <label>right leg</label>
    <hitPoints>30</hitPoints>
    <permanentInjuryChanceFactor>0</permanentInjuryChanceFactor>
    <bleedRate>0</bleedRate>
    <skinCovered>false</skinCovered>
    <solid>true</solid>
    <alive>false</alive>
    <tags>
      <li>MovingLimbCore</li>
    </tags>
  </BodyPartDef>

  <BodyPartDef>
    <defName>RightATATRFoot</defName>
    <label>right foot</label>
    <hitPoints>20</hitPoints>
    <permanentInjuryChanceFactor>0</permanentInjuryChanceFactor>
    <bleedRate>0</bleedRate>
    <skinCovered>false</skinCovered>
    <solid>true</solid>
    <alive>false</alive>
    <tags>
      <li>MovingLimbSegment</li>
    </tags>
  </BodyPartDef>


<!-- ===== ATST Body ===== -->
  <BodyDef>
    <defName>SWFactions_ATSTHull</defName>
    <label>ATST</label>
    <corePart>
      <def>ATST_Frame</def>
      <height>Middle</height>
      <depth>Outside</depth>
      <parts>
        <li>
          <def>ATST_Neck</def>
          <coverage>0.2</coverage>
          <height>Top</height>
          <parts>
            <li>
              <def>ATST_Head</def>
              <coverage>0.80</coverage>
              <groups>
                <li>HeadAttackTool</li>
              </groups>
              <parts>
                <li>
                  <def>SWFactions_Cockpit</def>
                  <coverage>0.80</coverage>
                  <depth>Inside</depth>
                </li>
              </parts>
            </li>
            <li>
              <def>SWFactions_Thermometer</def>
              <coverage>0.01</coverage>
            </li>
          </parts>
        </li>
        <li>
          <def>MechanicalLeg</def>
          <customLabel>left leg</customLabel>
          <coverage>0.3</coverage>
          <height>Bottom</height>
          <parts>
            <li>
              <def>MechanicalFoot</def>
              <customLabel>left foot</customLabel>
              <coverage>0.2</coverage>
              <groups>
              <li>LeftBlade</li>
              </groups>
            </li>
          </parts>
        </li>
        <li>
          <def>MechanicalLeg</def>
          <customLabel>right leg</customLabel>
          <coverage>0.3</coverage>
          <height>Bottom</height>
          <parts>
            <li>
              <def>MechanicalFoot</def>
              <customLabel>right foot</customLabel>
              <coverage>0.2</coverage>
              <groups>
              <li>RightBlade</li>
              </groups>
            </li>
          </parts>
        </li>
      </parts>
    </corePart>
  </BodyDef>

<!-- ===== ATAT stuff ===== -->

 <BodyDef>
		<defName>SWFactions_ATATHull</defName>
		<label>ATAT</label>
		<corePart>
			<def>ATAT_Frame</def>
			<height>Middle</height>
			<depth>Outside</depth>
			<parts>
				<li>
					<def>ATAT_Neck</def>
					<coverage>0.22</coverage>
					<height>Top</height>
					<parts>
						<li>
							<def>ATST_Head</def>
							<coverage>0.75</coverage>
							<groups>
								<li>HeadAttackTool</li>
							</groups>
							<parts>
								<li>
									<def>SWFactions_Cockpit</def>
									<coverage>0.25</coverage>
									<depth>Inside</depth>
                </li>
							</parts>
						</li>
            <li>
              <def>SWFactions_Thermometer</def>
              <coverage>0.01</coverage>
            </li>
					</parts>
				</li>
				<li>
					<def>LeftATATFLeg</def>
					<coverage>0.1</coverage>
					<height>Bottom</height>
					<groups>
						<li>FrontLeftLeg</li>
					</groups>
					<parts>
						<li>
							<def>LeftATATFFoot</def>
							<coverage>0.15</coverage>
              <groups>
              <li>LeftBlade</li>
              </groups>
						</li>
					</parts>
				</li>
				<li>
					<def>RightATATFLeg</def>
					<coverage>0.1</coverage>
					<height>Bottom</height>
					<groups>
						<li>FrontRightLeg</li>
					</groups>
					<parts>
						<li>
							<def>RightATATFFoot</def>
							<coverage>0.15</coverage>
              <groups>
              <li>RightBlade</li>
              </groups>
						</li>
					</parts>
				</li>
				<li>
					<def>LeftATATRLeg</def>
					<coverage>0.1</coverage>
					<height>Bottom</height>
					<parts>
						<li>
							<def>LeftATATRFoot</def>
							<coverage>0.15</coverage>
						</li>
					</parts>
				</li>
				<li>
					<def>RightATATRLeg</def>
					<coverage>0.1</coverage>
					<height>Bottom</height>
					<parts>
						<li>
							<def>RightATATRFoot</def>
							<coverage>0.15</coverage>
						</li>
					</parts>
				</li>
			</parts>
		</corePart>
	</BodyDef>

</Defs>
