﻿<?xml version="1.0" encoding="utf-8"?>
<Defs>
  <!-- Shared Defs with Star Wars - Fully Functional Lightsabers -->
  <DamageDef>
    <defName>PJ_SonicDam</defName>
    <label>Sonic damage</label>
    <workerClass>DamageWorker_Cut</workerClass>
    <externalViolence>true</externalViolence>
    <armorCategory>Blunt</armorCategory>
    <makesBlood>true</makesBlood>
    <deathMessage>{0} has died from sonic fractures.</deathMessage>
    <hediff>PJ_SonicBoom</hediff>
    <hediffSkin>PJ_SonicBoom</hediffSkin>
    <hediffSolid>PJ_SonicBoom</hediffSolid>
    <impactSoundType>Slice</impactSoundType>
    <cutExtraTargetsCurve>
      <points>
        <li>0, 0</li>
        <li>0.6, 1</li>
        <li>0.9, 2</li>
        <li>1, 3</li>
      </points>
    </cutExtraTargetsCurve>
    <cutCleaveBonus>1.4</cutCleaveBonus>
  </DamageDef>
  <HediffDef>
    <defName>PJ_SonicBoom</defName>
    <label>sonic fracture</label>
    <description>sonic fracture</description>
    <hediffClass>Hediff_Injury</hediffClass>
    <tendable>true</tendable>
    <displayWound>true</displayWound>
    <comps>
      <li Class="HediffCompProperties_TendDuration">
        <labelTendedWell>bandaged</labelTendedWell>
        <labelTendedWellInner>treated</labelTendedWellInner>
        <labelSolidTendedWell>tended</labelSolidTendedWell>
      </li>
      <li Class="HediffCompProperties_Infecter">
        <infectionChance>0.03</infectionChance>
      </li>
      <li Class="HediffCompProperties_GetsPermanent">
        <permanentLabel>sonic microfracture</permanentLabel>
      </li>
    </comps>
    <injuryProps>
      <painPerSeverity>0.02475</painPerSeverity>
      <averagePainPerSeverityPermanent>0.00345</averagePainPerSeverityPermanent>
      <canMerge>true</canMerge>
      <bleedRate>0.035</bleedRate>
      <destroyedLabel>obliterated</destroyedLabel>
      <destroyedOutLabel>vaporized</destroyedOutLabel>
    </injuryProps>
  </HediffDef>
  <DamageDef>
    <defName>PJ_PontiteDam</defName>
    <label>Saber frost</label>
    <workerClass>DamageWorker_Cut</workerClass>
    <externalViolence>true</externalViolence>
    <armorCategory>PJ_Lightsaber_Heat</armorCategory>
    <harmAllLayersUntilOutside>true</harmAllLayersUntilOutside>
    <deathMessage>{0} died from freezing lightsaber wounds.</deathMessage>
    <hediff>Frostbite</hediff>
    <hediffSkin>Frostbite</hediffSkin>
    <hediffSolid>Frostbite</hediffSolid>
    <impactSoundType>Slice</impactSoundType>
    <cutExtraTargetsCurve>
      <points>
        <li>0, 0</li>
        <li>0.6, 1</li>
        <li>0.9, 2</li>
        <li>1, 3</li>
      </points>
    </cutExtraTargetsCurve>
    <cutCleaveBonus>1.4</cutCleaveBonus>
  </DamageDef>
</Defs>