﻿<?xml version="1.0" encoding="utf-8"?>
<Defs>
  <ThinkTreeDef>
    <defName>PJ_Walker_Thinktree</defName>
    <thinkRoot Class="ThinkNode_Priority">
      <subNodes>
        <li Class="ThinkNode_Subtree">
          <treeDef>Downed</treeDef>
        </li>
        <li Class="ThinkNode_Subtree">
          <treeDef>LordDuty</treeDef>
        </li>
        <!-- Take direct orders when drafted -->
        <li Class="ThinkNode_ConditionalColonist">
          <subNodes>
            <li Class="ThinkNode_Tagger">
              <tagToGive>DraftedOrder</tagToGive>
              <subNodes>
                <li Class="JobGiver_Orders" />
              </subNodes>
            </li>
          </subNodes>
        </li>
        <li Class="ThinkNode_Subtree">
          <treeDef>JoinAutoJoinableCaravan</treeDef>
        </li>
        <!-- Seek allowed area -->
        <li Class="JobGiver_SeekAllowedArea" />
        <li Class="ThinkNode_Tagger">
          <tagToGive>Idle</tagToGive>
          <subNodes>
            <li Class="JobGiver_WanderAnywhere">
              <maxDanger>Deadly</maxDanger>
            </li>
          </subNodes>
        </li>
        <li Class="JobGiver_IdleError" />
      </subNodes>
    </thinkRoot>
  </ThinkTreeDef>
</Defs>