<?xml version="1.0" encoding="utf-8" ?>
<Defs>


  <ThingDef Name="PJ_BaseMeleeWeapon" Abstract="True" ParentName="BaseWeapon">
    <techLevel>Spacer</techLevel>
		<smeltable>true</smeltable>
		<weaponTags>
      <li>Melee</li>
    </weaponTags>
    <thingCategories>
      <li>WeaponsMelee</li>
    </thingCategories>
    <comps>
      <li>
        <compClass>CompQuality</compClass>
      </li>
      <li Class="CompProperties_Art">
        <nameMaker>NamerArtWeaponMelee</nameMaker>
        <descriptionMaker>ArtDescription_WeaponMelee</descriptionMaker>
        <minQualityForArtistic>Excellent</minQualityForArtistic>
      </li>
		  <li Class="CompSlotLoadable.CompProperties_SlotLoadable">
		    <compClass>CompSlotLoadable.CompSlotLoadable</compClass>
		    <slots>
				<li>PJ_VibroMotorSlot</li>
			</slots>
		  </li>
    </comps>
    <recipeMaker>
      <workSpeedStat>GeneralLaborSpeed</workSpeedStat>
      <workSkill>Crafting</workSkill>
      <effectWorking>Smith</effectWorking>
      <soundWorking>Recipe_Smith</soundWorking>
      <recipeUsers>
		<li>TableMachining</li>
      </recipeUsers>
      <unfinishedThingDef>UnfinishedWeapon</unfinishedThingDef>
    </recipeMaker>
    <inspectorTabs>
      <li>ITab_Art</li>
    </inspectorTabs>
  </ThingDef>


	   <ThingDef Name="PJ_BaseVibroWeapon" ParentName="PJ_BaseMeleeWeapon" Abstract="True">
		<recipeMaker>
			<defaultIngredientFilter>
				<categories>
				<li>Root</li>
				</categories>
				<disallowedThingDefs>
					<li>Silver</li>
					<li>Gold</li>
					<li>WoodLog</li>
				</disallowedThingDefs>	
			</defaultIngredientFilter>  	  
		</recipeMaker>
        <stuffCategories>
          <li>Metallic</li>
        </stuffCategories>
        <costStuffCount>150</costStuffCount>		
		    <thingSetMakerTags>
      <li>RewardSpecial</li>
    </thingSetMakerTags>
		</ThingDef>
	

		<!-- ============================================================== -->

			<ThingDef>
				<defName>PJ_BulletDeflected</defName>
				<category>Projectile</category>
				<tickerType>Normal</tickerType>
				<altitudeLayer>Projectile</altitudeLayer>
				<thingClass>Bullet</thingClass>
				<useHitPoints>False</useHitPoints>
				<neverMultiSelect>True</neverMultiSelect>
				<label>deflected projectile</label>
					<graphicData>
						<texPath>Things/Projectile/Bullet_Small</texPath>
						<graphicClass>Graphic_Single</graphicClass>
						<shaderType>Transparent</shaderType>
					</graphicData>
				<projectile>
					<damageDef>Bullet</damageDef>
					<damageAmountBase>11</damageAmountBase>
					<speed>70</speed>
				</projectile>
			</ThingDef>  
	
	
		<!-- ================== Vibroaxe ==================== -->
  
		<ThingDef ParentName="PJ_BaseVibroWeapon">
		<defName>PJ_Vibroaxe</defName>
		<label>Vibroaxe</label>
		<description>A cortosis-weave polearm fitted with minature vibrocells.</description>
		<graphicData>
			<texPath>Weapons/Vibroaxe</texPath>
			<graphicClass>Graphic_Single</graphicClass>
			<drawSize>2.3</drawSize>			
			<onGroundRandomRotateAngle>35</onGroundRandomRotateAngle>			
		</graphicData>
	    <tickerType>Normal</tickerType>
		<soundInteract>Interact_Autopistol</soundInteract>
		<tradeability>Sellable</tradeability>
		<statBases>
			<MarketValue>3000</MarketValue>
			<MaxHitPoints>80</MaxHitPoints>			
			<WorkToMake>55800</WorkToMake>
			<Mass>1.8</Mass>
			<DeteriorationRate>0.025</DeteriorationRate>
		</statBases>
		<equippedAngleOffset>-65</equippedAngleOffset>
		<!-- recipeMaker>
			<recipeUsers>
				<li>ElectricSmithy</li>
				<li>FueledSmithy</li>
				<li>CraftingSpot</li>
			</recipeUsers>
		</recipeMaker -->
		<comps>
		  <li>
		    <compClass>CompOversizedWeapon.CompOversizedWeapon</compClass>
		  </li>
		  <li Class="CompDeflector.CompProperties_Deflector">
		    <compClass>CompDeflector.CompDeflector</compClass>
			<baseDeflectChance>0.1</baseDeflectChance>
			<useManipulationInCalc>true</useManipulationInCalc>
			<useSkillInCalc>true</useSkillInCalc>
			<deflectSound>MeleeHit_Metal_Sharp</deflectSound>
			<deflectSkill>Melee</deflectSkill>
			<deflectRatePerSkillPoint>0.015</deflectRatePerSkillPoint>
			<DeflectVerb Class="VerbProperties">
				<verbClass>Verb_Shoot</verbClass>
				<hasStandardCommand>true</hasStandardCommand>
				<targetParams>
					<canTargetLocations>true</canTargetLocations>
				</targetParams>
				<defaultProjectile>PJ_BulletDeflected</defaultProjectile>
				<warmupTime>0</warmupTime>
				<range>24</range>
				<muzzleFlashScale>9</muzzleFlashScale>
			</DeflectVerb>			
		  </li>
		</comps>
	  <tools>
      <li>
        <label>handle</label>
        <capacities>
          <li>Blunt</li>
        </capacities>
        <power>8</power>
        <cooldownTime>2.5</cooldownTime>
      </li>
      <li>
        <label>point</label>
        <capacities>
          <li>PJ_VibroStab</li>
        </capacities>
        <power>36</power>
        <cooldownTime>2.3</cooldownTime>
      </li>
      <li>
        <label>edge</label>
        <capacities>
          <li>PJ_VibroCut</li>
        </capacities>
        <power>31</power>
        <cooldownTime>2.2</cooldownTime>
      </li>
    </tools>
		</ThingDef>
	
	<!-- ================== Vibrosword ==================== -->
		<ThingDef ParentName="PJ_BaseVibroWeapon">
		<defName>PJ_Vibrosword</defName>
		<label>Echani Vibrosword</label>
		<description>An Echani cortosis-weave sword fitted with minature vibrocells.</description>
		<graphicData>
			<texPath>Weapons/Vibrosword3k</texPath>
			<graphicClass>Graphic_Single</graphicClass>
			<drawSize>1.5</drawSize>			
			<onGroundRandomRotateAngle>35</onGroundRandomRotateAngle>			
		</graphicData>
	    <tickerType>Normal</tickerType>
		<soundInteract>Interact_Autopistol</soundInteract>
		<tradeability>Sellable</tradeability>
		<statBases>
			<MarketValue>3000</MarketValue>
			<MaxHitPoints>80</MaxHitPoints>			
			<WorkToMake>55800</WorkToMake>
			<Mass>1.8</Mass>
			<DeteriorationRate>0.025</DeteriorationRate>
		</statBases>
		<equippedAngleOffset>-65</equippedAngleOffset>
		<!-- recipeMaker>
			<recipeUsers>
				<li>ElectricSmithy</li>
				<li>FueledSmithy</li>
				<li>CraftingSpot</li>
			</recipeUsers>
		</recipeMaker -->
		<comps>
		  <li>
		    <compClass>CompOversizedWeapon.CompOversizedWeapon</compClass>
		  </li>
		  <li Class="CompDeflector.CompProperties_Deflector">
		    <compClass>CompDeflector.CompDeflector</compClass>
			<baseDeflectChance>0.15</baseDeflectChance>
			<useManipulationInCalc>true</useManipulationInCalc>
			<useSkillInCalc>true</useSkillInCalc>
			<deflectSound>MeleeHit_Metal_Sharp</deflectSound>
			<deflectSkill>Melee</deflectSkill>
			<deflectRatePerSkillPoint>0.015</deflectRatePerSkillPoint>
			<DeflectVerb Class="VerbProperties">
				<verbClass>Verb_Shoot</verbClass>
				<hasStandardCommand>true</hasStandardCommand>
				<targetParams>
					<canTargetLocations>true</canTargetLocations>
				</targetParams>
				<defaultProjectile>PJ_BulletDeflected</defaultProjectile>
				<warmupTime>0</warmupTime>
				<range>24</range>
				<muzzleFlashScale>9</muzzleFlashScale>
			</DeflectVerb>			
		  </li>
		</comps>
	<tools>
      <li>
        <label>handle</label>
        <capacities>
          <li>Blunt</li>
        </capacities>
        <power>8</power>
        <cooldownTime>2.5</cooldownTime>
      </li>
      <li>
        <label>point</label>
        <capacities>
          <li>PJ_VibroStab</li>
        </capacities>
        <power>26</power>
        <cooldownTime>1.3</cooldownTime>
      </li>
      <li>
        <label>edge</label>
        <capacities>
          <li>PJ_VibroCut</li>
        </capacities>
        <power>21</power>
        <cooldownTime>1.2</cooldownTime>
      </li>
    </tools>
		</ThingDef>
		
		<!-- ================== Vibro Cleaver ==================== -->
		<ThingDef ParentName="PJ_BaseVibroWeapon">
		<defName>PJ_Vibrocleaver</defName>
		<label>Mando Vibro Cleaver</label>
		<description>A mandalorian cortosis-weave sword fitted with minature vibrocells.</description>
		<graphicData>
			<texPath>Weapons/Vibrocleaver</texPath>
			<graphicClass>Graphic_Single</graphicClass>
			<drawSize>1.6</drawSize>			
			<onGroundRandomRotateAngle>35</onGroundRandomRotateAngle>			
		</graphicData>
	    <tickerType>Normal</tickerType>
		<soundInteract>Interact_Autopistol</soundInteract>
		<tradeability>Sellable</tradeability>
		<statBases>
			<MarketValue>3000</MarketValue>
			<MaxHitPoints>80</MaxHitPoints>			
			<WorkToMake>55800</WorkToMake>
			<Mass>1.8</Mass>
			<DeteriorationRate>0.025</DeteriorationRate>
		</statBases>
		<equippedAngleOffset>-65</equippedAngleOffset>
		<!-- recipeMaker>
			<recipeUsers>
				<li>ElectricSmithy</li>
				<li>FueledSmithy</li>
				<li>CraftingSpot</li>
			</recipeUsers>
		</recipeMaker -->
		<comps>
		  <li>
		    <compClass>CompOversizedWeapon.CompOversizedWeapon</compClass>
		  </li>
		  <li Class="CompDeflector.CompProperties_Deflector">
		    <compClass>CompDeflector.CompDeflector</compClass>
			<baseDeflectChance>0.15</baseDeflectChance>
			<useManipulationInCalc>true</useManipulationInCalc>
			<useSkillInCalc>true</useSkillInCalc>
			<deflectSound>MeleeHit_Metal_Sharp</deflectSound>
			<deflectSkill>Melee</deflectSkill>
			<deflectRatePerSkillPoint>0.015</deflectRatePerSkillPoint>
			<DeflectVerb Class="VerbProperties">
				<verbClass>Verb_Shoot</verbClass>
				<hasStandardCommand>true</hasStandardCommand>
				<targetParams>
					<canTargetLocations>true</canTargetLocations>
				</targetParams>
				<defaultProjectile>PJ_BulletDeflected</defaultProjectile>
				<warmupTime>0</warmupTime>
				<range>24</range>
				<muzzleFlashScale>9</muzzleFlashScale>
			</DeflectVerb>			
		  </li>
		</comps>
		<tools>
      <li>
        <label>handle</label>
        <capacities>
          <li>Blunt</li>
        </capacities>
        <power>8</power>
        <cooldownTime>2.5</cooldownTime>
      </li>
      <li>
        <label>point</label>
        <capacities>
          <li>PJ_VibroStab</li>
        </capacities>
        <power>36</power>
        <cooldownTime>2.3</cooldownTime>
      </li>
      <li>
        <label>edge</label>
        <capacities>
          <li>PJ_VibroCut</li>
        </capacities>
        <power>31</power>
        <cooldownTime>2.2</cooldownTime>
      </li>
    </tools>
		</ThingDef>
		
		
		<!-- ================== Vibro Cleaver ==================== -->
		<ThingDef ParentName="PJ_BaseVibroWeapon">
		<defName>PJ_VScythe</defName>
		<label>Vibro Scythe</label>
		<description>A modern cortosis-weave scythe-style sword fitted with minature vibrocells.</description>
		<graphicData>
			<texPath>Weapons/Scythe</texPath>
			<graphicClass>Graphic_Single</graphicClass>
			<drawSize>1.3</drawSize>			
			<onGroundRandomRotateAngle>35</onGroundRandomRotateAngle>			
		</graphicData>
	    <tickerType>Normal</tickerType>
		<soundInteract>Interact_Autopistol</soundInteract>
		<tradeability>Sellable</tradeability>
		<statBases>
			<MarketValue>3000</MarketValue>
			<MaxHitPoints>200</MaxHitPoints>			
			<WorkToMake>55800</WorkToMake>
			<Mass>1.8</Mass>
			<DeteriorationRate>0.025</DeteriorationRate>
		</statBases>
		<equippedAngleOffset>-65</equippedAngleOffset>
		<!-- recipeMaker>
			<recipeUsers>
				<li>ElectricSmithy</li>
				<li>FueledSmithy</li>
				<li>CraftingSpot</li>
			</recipeUsers>
		</recipeMaker -->
		<comps>
		  <li>
		    <compClass>CompOversizedWeapon.CompOversizedWeapon</compClass>
		  </li>
		  <li Class="CompDeflector.CompProperties_Deflector">
		    <compClass>CompDeflector.CompDeflector</compClass>
			<baseDeflectChance>0.15</baseDeflectChance>
			<useManipulationInCalc>true</useManipulationInCalc>
			<useSkillInCalc>true</useSkillInCalc>
			<deflectSound>MeleeHit_Metal_Sharp</deflectSound>
			<deflectSkill>Melee</deflectSkill>
			<deflectRatePerSkillPoint>0.015</deflectRatePerSkillPoint>
			<DeflectVerb Class="VerbProperties">
				<verbClass>Verb_Shoot</verbClass>
				<hasStandardCommand>true</hasStandardCommand>
				<targetParams>
					<canTargetLocations>true</canTargetLocations>
				</targetParams>
				<defaultProjectile>PJ_BulletDeflected</defaultProjectile>
				<warmupTime>0</warmupTime>
				<range>24</range>
				<muzzleFlashScale>9</muzzleFlashScale>
			</DeflectVerb>			
		  </li>
		</comps>
<tools>
      <li>
        <label>handle</label>
        <capacities>
          <li>Blunt</li>
        </capacities>
        <power>8</power>
        <cooldownTime>2.5</cooldownTime>
      </li>
      <li>
        <label>point</label>
        <capacities>
          <li>PJ_VibroStab</li>
        </capacities>
        <power>20</power>
        <cooldownTime>1.2</cooldownTime>
      </li>
      <li>
        <label>edge</label>
        <capacities>
          <li>PJ_VibroCut</li>
        </capacities>
        <power>16</power>
        <cooldownTime>1</cooldownTime>
      </li>
    </tools>
		</ThingDef>
			
			
					<!-- ================== Vibro DoubleSword ==================== -->
		<ThingDef ParentName="PJ_BaseVibroWeapon">
		<defName>PJ_Vibrodouble</defName>
		<label>Vibro Double-Blade</label>
		<description>An ancient cortosis-weave double bladed weapon fitted with minature vibrocells.</description>
		<graphicData>
			<texPath>Weapons/Vibrodouble</texPath>
			<graphicClass>Graphic_Single</graphicClass>
			<drawSize>2.3</drawSize>			
			<onGroundRandomRotateAngle>35</onGroundRandomRotateAngle>			
		</graphicData>
	    <tickerType>Normal</tickerType>
		<soundInteract>Interact_Autopistol</soundInteract>
		<tradeability>Sellable</tradeability>
		<statBases>
			<MarketValue>3000</MarketValue>
			<MaxHitPoints>80</MaxHitPoints>			
			<WorkToMake>55800</WorkToMake>
			<Mass>1.8</Mass>
			<DeteriorationRate>0.025</DeteriorationRate>
		</statBases>
		<equippedAngleOffset>-65</equippedAngleOffset>
		<stuffCategories>
			<li>Metallic</li>
		</stuffCategories>
		<!-- recipeMaker>
			<recipeUsers>
				<li>ElectricSmithy</li>
				<li>FueledSmithy</li>
				<li>CraftingSpot</li>
			</recipeUsers>
		</recipeMaker -->
		<comps>
		  <li>
		    <compClass>CompOversizedWeapon.CompOversizedWeapon</compClass>
		  </li>
		  <li Class="CompDeflector.CompProperties_Deflector">
		    <compClass>CompDeflector.CompDeflector</compClass>
			<baseDeflectChance>0.15</baseDeflectChance>
			<useManipulationInCalc>true</useManipulationInCalc>
			<useSkillInCalc>true</useSkillInCalc>
			<deflectSound>MeleeHit_Metal_Sharp</deflectSound>
			<deflectSkill>Melee</deflectSkill>
			<deflectRatePerSkillPoint>0.015</deflectRatePerSkillPoint>
			<DeflectVerb Class="VerbProperties">
				<verbClass>Verb_Shoot</verbClass>
				<hasStandardCommand>true</hasStandardCommand>
				<targetParams>
					<canTargetLocations>true</canTargetLocations>
				</targetParams>
				<defaultProjectile>PJ_BulletDeflected</defaultProjectile>
				<warmupTime>0</warmupTime>
				<range>24</range>
				<muzzleFlashScale>9</muzzleFlashScale>
			</DeflectVerb>			
		  </li>
		</comps>
		<tools>
      <li>
        <label>handle</label>
        <capacities>
          <li>Blunt</li>
        </capacities>
        <power>8</power>
        <cooldownTime>2.5</cooldownTime>
      </li>
      <li>
        <label>second edge</label>
        <capacities>
          <li>PJ_VibroCut</li>
        </capacities>
        <power>26</power>
        <cooldownTime>1.3</cooldownTime>
      </li>
      <li>
        <label>edge</label>
        <capacities>
          <li>PJ_VibroCut</li>
        </capacities>
        <power>21</power>
        <cooldownTime>1.2</cooldownTime>
      </li>
    </tools>
		</ThingDef>
		
		<!-- ====== Xen's staff ====== -->
		
		  
		<ThingDef ParentName="PJ_BaseVibroWeapon">
		<defName>PJ_StaffX</defName>
		<label>Vibrostaff</label>
		<description>A cortosis-weave polearm fitted with minature vibrocells.</description>
		<graphicData>
			<texPath>Weapons/SpikeStaff</texPath>
			<graphicClass>Graphic_Single</graphicClass>
			<drawSize>2.3</drawSize>			
			<onGroundRandomRotateAngle>35</onGroundRandomRotateAngle>			
		</graphicData>
	    <tickerType>Normal</tickerType>
		<soundInteract>Interact_Autopistol</soundInteract>
		<tradeability>Sellable</tradeability>
		<statBases>
			<MarketValue>13000</MarketValue>
			<MaxHitPoints>80</MaxHitPoints>			
			<WorkToMake>55800</WorkToMake>
			<Mass>1.8</Mass>
			<DeteriorationRate>0.025</DeteriorationRate>
		</statBases>
		<equippedAngleOffset>-65</equippedAngleOffset>
		<stuffCategories>
			<li>Metallic</li>
		</stuffCategories>
		<!-- recipeMaker>
			<recipeUsers>
				<li>ElectricSmithy</li>
				<li>FueledSmithy</li>
				<li>CraftingSpot</li>
			</recipeUsers>
		</recipeMaker -->
		<comps>
		  <li>
		    <compClass>CompOversizedWeapon.CompOversizedWeapon</compClass>
		  </li>
		  <li Class="CompDeflector.CompProperties_Deflector">
		    <compClass>CompDeflector.CompDeflector</compClass>
			<baseDeflectChance>0.15</baseDeflectChance>
			<useManipulationInCalc>true</useManipulationInCalc>
			<useSkillInCalc>true</useSkillInCalc>
			<deflectSound>MeleeHit_Metal_Sharp</deflectSound>
			<deflectSkill>Melee</deflectSkill>
			<deflectRatePerSkillPoint>0.015</deflectRatePerSkillPoint>
			<DeflectVerb Class="VerbProperties">
				<verbClass>Verb_Shoot</verbClass>
				<hasStandardCommand>true</hasStandardCommand>
				<targetParams>
					<canTargetLocations>true</canTargetLocations>
				</targetParams>
				<defaultProjectile>PJ_BulletDeflected</defaultProjectile>
				<warmupTime>0</warmupTime>
				<range>24</range>
				<muzzleFlashScale>9</muzzleFlashScale>
			</DeflectVerb>			
		  </li>
		</comps>
		<tools>
      <li>
        <label>handle</label>
        <capacities>
          <li>Blunt</li>
        </capacities>
        <power>8</power>
        <cooldownTime>2.5</cooldownTime>
      </li>
      <li>
        <label>point</label>
        <capacities>
          <li>PJ_VibroStab</li>
        </capacities>
        <power>36</power>
        <cooldownTime>2.3</cooldownTime>
      </li>
      <li>
        <label>edge</label>
        <capacities>
          <li>PJ_VibroCut</li>
        </capacities>
        <power>31</power>
        <cooldownTime>2.2</cooldownTime>
      </li>
    </tools>
		</ThingDef>

			<ThingDef ParentName="PJ_BaseVibroWeapon">
		<defName>PJ_TStaff</defName>
		<label>Tusken Vibrostaff</label>
		<description>A cortosis-weave polearm fitted with minature vibrocells.</description>
		<graphicData>
			<texPath>Weapons/StaffX</texPath>
			<graphicClass>Graphic_Single</graphicClass>
			<drawSize>2.3</drawSize>			
			<onGroundRandomRotateAngle>35</onGroundRandomRotateAngle>			
		</graphicData>
	    <tickerType>Normal</tickerType>
		<soundInteract>Interact_Autopistol</soundInteract>
		<tradeability>Sellable</tradeability>
		<statBases>
			<MarketValue>13000</MarketValue>
			<MaxHitPoints>80</MaxHitPoints>			
			<WorkToMake>55800</WorkToMake>
			<Mass>1.8</Mass>
			<DeteriorationRate>0.025</DeteriorationRate>
		</statBases>
		<equippedAngleOffset>-75</equippedAngleOffset>
		<stuffCategories>
			<li>Metallic</li>
		</stuffCategories>
		<!-- recipeMaker>
			<recipeUsers>
				<li>ElectricSmithy</li>
				<li>FueledSmithy</li>
				<li>CraftingSpot</li>
			</recipeUsers>
		</recipeMaker -->
		<comps>
		  <li>
		    <compClass>CompOversizedWeapon.CompOversizedWeapon</compClass>
		  </li>
		  <li Class="CompDeflector.CompProperties_Deflector">
		    <compClass>CompDeflector.CompDeflector</compClass>
			<baseDeflectChance>0.15</baseDeflectChance>
			<useManipulationInCalc>true</useManipulationInCalc>
			<useSkillInCalc>true</useSkillInCalc>
			<deflectSound>MeleeHit_Metal_Sharp</deflectSound>
			<deflectSkill>Melee</deflectSkill>
			<deflectRatePerSkillPoint>0.015</deflectRatePerSkillPoint>
			<DeflectVerb Class="VerbProperties">
				<verbClass>Verb_Shoot</verbClass>
				<hasStandardCommand>true</hasStandardCommand>
				<targetParams>
					<canTargetLocations>true</canTargetLocations>
				</targetParams>
				<defaultProjectile>PJ_BulletDeflected</defaultProjectile>
				<warmupTime>0</warmupTime>
				<range>24</range>
				<muzzleFlashScale>9</muzzleFlashScale>
			</DeflectVerb>			
		  </li>
		</comps>
		<tools>
      <li>
        <label>handle</label>
        <capacities>
          <li>Blunt</li>
        </capacities>
        <power>8</power>
        <cooldownTime>2.5</cooldownTime>
      </li>
      <li>
        <label>point</label>
        <capacities>
          <li>PJ_VibroStab</li>
        </capacities>
        <power>36</power>
        <cooldownTime>2.0</cooldownTime>
      </li>
      <li>
        <label>edge</label>
        <capacities>
          <li>PJ_VibroCut</li>
        </capacities>
        <power>31</power>
        <cooldownTime>2.0</cooldownTime>
      </li>
    </tools>
		</ThingDef>
		
</Defs>
